-- PSER_TC_ORGANIZACION
DELETE FROM PSER_TC_ORGANIZACION;
Insert into PSER_TC_ORGANIZACION (CV_ORGANIZACION,CH_DESC_ORGANIZACION,FC_CONTROL,CH_USUARIO_MODIFICADOR) values ('999','PROCESAR',SYSDATE,'MIGRACION');
Insert into PSER_TC_ORGANIZACION (CV_ORGANIZACION,CH_DESC_ORGANIZACION,FC_CONTROL,CH_USUARIO_MODIFICADOR) values ('556','AZTECA',SYSDATE,'MIGRACION');
Insert into PSER_TC_ORGANIZACION (CV_ORGANIZACION,CH_DESC_ORGANIZACION,FC_CONTROL,CH_USUARIO_MODIFICADOR) values ('530','XXI BANORTE',SYSDATE,'MIGRACION');
Insert into PSER_TC_ORGANIZACION (CV_ORGANIZACION,CH_DESC_ORGANIZACION,FC_CONTROL,CH_USUARIO_MODIFICADOR) values ('534','PROFUTURO',SYSDATE,'MIGRACION');
Insert into PSER_TC_ORGANIZACION (CV_ORGANIZACION,CH_DESC_ORGANIZACION,FC_CONTROL,CH_USUARIO_MODIFICADOR) values ('538','PRINCIPAL',SYSDATE,'MIGRACION');
Insert into PSER_TC_ORGANIZACION (CV_ORGANIZACION,CH_DESC_ORGANIZACION,FC_CONTROL,CH_USUARIO_MODIFICADOR) values ('544','SURA',SYSDATE,'MIGRACION');
Insert into PSER_TC_ORGANIZACION (CV_ORGANIZACION,CH_DESC_ORGANIZACION,FC_CONTROL,CH_USUARIO_MODIFICADOR) values ('550','INBURSA',SYSDATE,'MIGRACION');
Insert into PSER_TC_ORGANIZACION (CV_ORGANIZACION,CH_DESC_ORGANIZACION,FC_CONTROL,CH_USUARIO_MODIFICADOR) values ('552','BANAMEX',SYSDATE,'MIGRACION');
Insert into PSER_TC_ORGANIZACION (CV_ORGANIZACION,CH_DESC_ORGANIZACION,FC_CONTROL,CH_USUARIO_MODIFICADOR) values ('562','INVERCAP',SYSDATE,'MIGRACION');
Insert into PSER_TC_ORGANIZACION (CV_ORGANIZACION,CH_DESC_ORGANIZACION,FC_CONTROL,CH_USUARIO_MODIFICADOR) values ('568','COPPEL',SYSDATE,'MIGRACION');
Insert into PSER_TC_ORGANIZACION (CV_ORGANIZACION,CH_DESC_ORGANIZACION,FC_CONTROL,CH_USUARIO_MODIFICADOR) values ('578','PENSIONISSSTE',SYSDATE,'MIGRACION');

-- CATALOGO PSER_TC_ROL_PULSSAR --
Insert into PSER_TC_ROL_PULSSAR (CV_ROL_PULSSAR,CH_DESC_ROL_PULSSAR,FC_CONTROL,CH_USUARIO_MODIFICADOR,CH_AFORE,ID_ROL_PULSSAR) values ('01','SUPER ADMINISTRADOR',SYSDATE,'MIGRACION','999',PSER_SEQ_ROL_PULSSAR.NEXTVAL);
Insert into PSER_TC_ROL_PULSSAR (CV_ROL_PULSSAR,CH_DESC_ROL_PULSSAR,FC_CONTROL,CH_USUARIO_MODIFICADOR,CH_AFORE,ID_ROL_PULSSAR) values ('02','OPERATIVO PROCESAR',SYSDATE,'MIGRACION','999',PSER_SEQ_ROL_PULSSAR.NEXTVAL);
Insert into PSER_TC_ROL_PULSSAR (CV_ROL_PULSSAR,CH_DESC_ROL_PULSSAR,FC_CONTROL,CH_USUARIO_MODIFICADOR,CH_AFORE,ID_ROL_PULSSAR) values ('03','ADMINISTRADOR AFORE',SYSDATE,'MIGRACION','578',PSER_SEQ_ROL_PULSSAR.NEXTVAL);
Insert into PSER_TC_ROL_PULSSAR (CV_ROL_PULSSAR,CH_DESC_ROL_PULSSAR,FC_CONTROL,CH_USUARIO_MODIFICADOR,CH_AFORE,ID_ROL_PULSSAR) values ('04','OPERATIVO AFORE',SYSDATE,'MIGRACION','578',PSER_SEQ_ROL_PULSSAR.NEXTVAL);
Insert into PSER_TC_ROL_PULSSAR (CV_ROL_PULSSAR,CH_DESC_ROL_PULSSAR,FC_CONTROL,CH_USUARIO_MODIFICADOR,CH_AFORE,ID_ROL_PULSSAR) values ('05','AGENTE',SYSDATE,'MIGRACION','578',PSER_SEQ_ROL_PULSSAR.NEXTVAL);
Insert into PSER_TC_ROL_PULSSAR (CV_ROL_PULSSAR,CH_DESC_ROL_PULSSAR,FC_CONTROL,CH_USUARIO_MODIFICADOR,CH_AFORE,ID_ROL_PULSSAR) values ('03','ADMINISTRADOR AFORE',SYSDATE,'MIGRACION','568',PSER_SEQ_ROL_PULSSAR.NEXTVAL);
Insert into PSER_TC_ROL_PULSSAR (CV_ROL_PULSSAR,CH_DESC_ROL_PULSSAR,FC_CONTROL,CH_USUARIO_MODIFICADOR,CH_AFORE,ID_ROL_PULSSAR) values ('04','OPERATIVO AFORE',SYSDATE,'MIGRACION','568',PSER_SEQ_ROL_PULSSAR.NEXTVAL);
Insert into PSER_TC_ROL_PULSSAR (CV_ROL_PULSSAR,CH_DESC_ROL_PULSSAR,FC_CONTROL,CH_USUARIO_MODIFICADOR,CH_AFORE,ID_ROL_PULSSAR) values ('05','AGENTE',SYSDATE,'MIGRACION','568',PSER_SEQ_ROL_PULSSAR.NEXTVAL);
Insert into PSER_TC_ROL_PULSSAR (CV_ROL_PULSSAR,CH_DESC_ROL_PULSSAR,FC_CONTROL,CH_USUARIO_MODIFICADOR,CH_AFORE,ID_ROL_PULSSAR) values ('03','ADMINISTRADOR AFORE',SYSDATE,'MIGRACION','562',PSER_SEQ_ROL_PULSSAR.NEXTVAL);
Insert into PSER_TC_ROL_PULSSAR (CV_ROL_PULSSAR,CH_DESC_ROL_PULSSAR,FC_CONTROL,CH_USUARIO_MODIFICADOR,CH_AFORE,ID_ROL_PULSSAR) values ('04','OPERATIVO AFORE',SYSDATE,'MIGRACION','562',PSER_SEQ_ROL_PULSSAR.NEXTVAL);
Insert into PSER_TC_ROL_PULSSAR (CV_ROL_PULSSAR,CH_DESC_ROL_PULSSAR,FC_CONTROL,CH_USUARIO_MODIFICADOR,CH_AFORE,ID_ROL_PULSSAR) values ('05','AGENTE',SYSDATE,'MIGRACION','562',PSER_SEQ_ROL_PULSSAR.NEXTVAL);
Insert into PSER_TC_ROL_PULSSAR (CV_ROL_PULSSAR,CH_DESC_ROL_PULSSAR,FC_CONTROL,CH_USUARIO_MODIFICADOR,CH_AFORE,ID_ROL_PULSSAR) values ('03','ADMINISTRADOR AFORE',SYSDATE,'MIGRACION','556',PSER_SEQ_ROL_PULSSAR.NEXTVAL);
Insert into PSER_TC_ROL_PULSSAR (CV_ROL_PULSSAR,CH_DESC_ROL_PULSSAR,FC_CONTROL,CH_USUARIO_MODIFICADOR,CH_AFORE,ID_ROL_PULSSAR) values ('04','OPERATIVO AFORE',SYSDATE,'MIGRACION','556',PSER_SEQ_ROL_PULSSAR.NEXTVAL);
Insert into PSER_TC_ROL_PULSSAR (CV_ROL_PULSSAR,CH_DESC_ROL_PULSSAR,FC_CONTROL,CH_USUARIO_MODIFICADOR,CH_AFORE,ID_ROL_PULSSAR) values ('05','AGENTE',SYSDATE,'MIGRACION','556',PSER_SEQ_ROL_PULSSAR.NEXTVAL);
Insert into PSER_TC_ROL_PULSSAR (CV_ROL_PULSSAR,CH_DESC_ROL_PULSSAR,FC_CONTROL,CH_USUARIO_MODIFICADOR,CH_AFORE,ID_ROL_PULSSAR) values ('03','ADMINISTRADOR AFORE',SYSDATE,'MIGRACION','552',PSER_SEQ_ROL_PULSSAR.NEXTVAL);
Insert into PSER_TC_ROL_PULSSAR (CV_ROL_PULSSAR,CH_DESC_ROL_PULSSAR,FC_CONTROL,CH_USUARIO_MODIFICADOR,CH_AFORE,ID_ROL_PULSSAR) values ('07','EJECUTIVO UNITARIO',SYSDATE,'MIGRACION','552',PSER_SEQ_ROL_PULSSAR.NEXTVAL);
Insert into PSER_TC_ROL_PULSSAR (CV_ROL_PULSSAR,CH_DESC_ROL_PULSSAR,FC_CONTROL,CH_USUARIO_MODIFICADOR,CH_AFORE,ID_ROL_PULSSAR) values ('08','EJECUTIVO RECEPCION',SYSDATE,'MIGRACION','552',PSER_SEQ_ROL_PULSSAR.NEXTVAL);
Insert into PSER_TC_ROL_PULSSAR (CV_ROL_PULSSAR,CH_DESC_ROL_PULSSAR,FC_CONTROL,CH_USUARIO_MODIFICADOR,CH_AFORE,ID_ROL_PULSSAR) values ('09','EJECUTIVO DE ATENCION',SYSDATE,'MIGRACION','552',PSER_SEQ_ROL_PULSSAR.NEXTVAL);
Insert into PSER_TC_ROL_PULSSAR (CV_ROL_PULSSAR,CH_DESC_ROL_PULSSAR,FC_CONTROL,CH_USUARIO_MODIFICADOR,CH_AFORE,ID_ROL_PULSSAR) values ('03','ADMINISTRADOR AFORE',SYSDATE,'MIGRACION','550',PSER_SEQ_ROL_PULSSAR.NEXTVAL);
Insert into PSER_TC_ROL_PULSSAR (CV_ROL_PULSSAR,CH_DESC_ROL_PULSSAR,FC_CONTROL,CH_USUARIO_MODIFICADOR,CH_AFORE,ID_ROL_PULSSAR) values ('04','OPERATIVO AFORE',SYSDATE,'MIGRACION','550',PSER_SEQ_ROL_PULSSAR.NEXTVAL);
Insert into PSER_TC_ROL_PULSSAR (CV_ROL_PULSSAR,CH_DESC_ROL_PULSSAR,FC_CONTROL,CH_USUARIO_MODIFICADOR,CH_AFORE,ID_ROL_PULSSAR) values ('05','AGENTE',SYSDATE,'MIGRACION','550',PSER_SEQ_ROL_PULSSAR.NEXTVAL);
Insert into PSER_TC_ROL_PULSSAR (CV_ROL_PULSSAR,CH_DESC_ROL_PULSSAR,FC_CONTROL,CH_USUARIO_MODIFICADOR,CH_AFORE,ID_ROL_PULSSAR) values ('03','ADMINISTRADOR AFORE',SYSDATE,'MIGRACION','544',PSER_SEQ_ROL_PULSSAR.NEXTVAL);
Insert into PSER_TC_ROL_PULSSAR (CV_ROL_PULSSAR,CH_DESC_ROL_PULSSAR,FC_CONTROL,CH_USUARIO_MODIFICADOR,CH_AFORE,ID_ROL_PULSSAR) values ('04','OPERATIVO AFORE',SYSDATE,'MIGRACION','544',PSER_SEQ_ROL_PULSSAR.NEXTVAL);
Insert into PSER_TC_ROL_PULSSAR (CV_ROL_PULSSAR,CH_DESC_ROL_PULSSAR,FC_CONTROL,CH_USUARIO_MODIFICADOR,CH_AFORE,ID_ROL_PULSSAR) values ('05','AGENTE',SYSDATE,'MIGRACION','544',PSER_SEQ_ROL_PULSSAR.NEXTVAL);
Insert into PSER_TC_ROL_PULSSAR (CV_ROL_PULSSAR,CH_DESC_ROL_PULSSAR,FC_CONTROL,CH_USUARIO_MODIFICADOR,CH_AFORE,ID_ROL_PULSSAR) values ('03','ADMINISTRADOR AFORE',SYSDATE,'MIGRACION','538',PSER_SEQ_ROL_PULSSAR.NEXTVAL);
Insert into PSER_TC_ROL_PULSSAR (CV_ROL_PULSSAR,CH_DESC_ROL_PULSSAR,FC_CONTROL,CH_USUARIO_MODIFICADOR,CH_AFORE,ID_ROL_PULSSAR) values ('04','OPERATIVO AFORE',SYSDATE,'MIGRACION','538',PSER_SEQ_ROL_PULSSAR.NEXTVAL);
Insert into PSER_TC_ROL_PULSSAR (CV_ROL_PULSSAR,CH_DESC_ROL_PULSSAR,FC_CONTROL,CH_USUARIO_MODIFICADOR,CH_AFORE,ID_ROL_PULSSAR) values ('05','AGENTE',SYSDATE,'MIGRACION','538',PSER_SEQ_ROL_PULSSAR.NEXTVAL);
Insert into PSER_TC_ROL_PULSSAR (CV_ROL_PULSSAR,CH_DESC_ROL_PULSSAR,FC_CONTROL,CH_USUARIO_MODIFICADOR,CH_AFORE,ID_ROL_PULSSAR) values ('03','ADMINISTRADOR AFORE',SYSDATE,'MIGRACION','534',PSER_SEQ_ROL_PULSSAR.NEXTVAL);
Insert into PSER_TC_ROL_PULSSAR (CV_ROL_PULSSAR,CH_DESC_ROL_PULSSAR,FC_CONTROL,CH_USUARIO_MODIFICADOR,CH_AFORE,ID_ROL_PULSSAR) values ('04','OPERATIVO AFORE',SYSDATE,'MIGRACION','534',PSER_SEQ_ROL_PULSSAR.NEXTVAL);
Insert into PSER_TC_ROL_PULSSAR (CV_ROL_PULSSAR,CH_DESC_ROL_PULSSAR,FC_CONTROL,CH_USUARIO_MODIFICADOR,CH_AFORE,ID_ROL_PULSSAR) values ('05','AGENTE',SYSDATE,'MIGRACION','534',PSER_SEQ_ROL_PULSSAR.NEXTVAL);
Insert into PSER_TC_ROL_PULSSAR (CV_ROL_PULSSAR,CH_DESC_ROL_PULSSAR,FC_CONTROL,CH_USUARIO_MODIFICADOR,CH_AFORE,ID_ROL_PULSSAR) values ('03','ADMINISTRADOR AFORE',SYSDATE,'MIGRACION','530',PSER_SEQ_ROL_PULSSAR.NEXTVAL);
Insert into PSER_TC_ROL_PULSSAR (CV_ROL_PULSSAR,CH_DESC_ROL_PULSSAR,FC_CONTROL,CH_USUARIO_MODIFICADOR,CH_AFORE,ID_ROL_PULSSAR) values ('04','OPERATIVO AFORE',SYSDATE,'MIGRACION','530',PSER_SEQ_ROL_PULSSAR.NEXTVAL);
Insert into PSER_TC_ROL_PULSSAR (CV_ROL_PULSSAR,CH_DESC_ROL_PULSSAR,FC_CONTROL,CH_USUARIO_MODIFICADOR,CH_AFORE,ID_ROL_PULSSAR) values ('05','AGENTE',SYSDATE,'MIGRACION','530',PSER_SEQ_ROL_PULSSAR.NEXTVAL);

-- PSER_TR_USUARIO_PULSSAR
DELETE FROM PSER_TR_USUARIO_PULSSAR;
INSERT INTO PSER_TR_USUARIO_PULSSAR (ID_USUARIO_PULSSAR,CH_USUARIO,CH_NOMBRE,CH_APELLIDO_PATERNO,CH_APELLIDO_MATERNO,CH_EMAIL,CH_CELULAR,CV_ORGANIZACION,CH_ESTATUS,FC_CONTROL,CH_USUARIO_MODIFICADOR,CH_SUCURSAL) values (1,'juan.071996@gmail.com','prueba','prueba','prueba','davidltol19@gmail.com','5586789202','556','01',SYSDATE,'PRUEBA',null);
INSERT INTO PSER_TR_USUARIO_PULSSAR (ID_USUARIO_PULSSAR,CH_USUARIO,CH_NOMBRE,CH_APELLIDO_PATERNO,CH_APELLIDO_MATERNO,CH_EMAIL,CH_CELULAR,CV_ORGANIZACION,CH_ESTATUS,FC_CONTROL,CH_USUARIO_MODIFICADOR,CH_SUCURSAL) values (2,'0123456790','prueba2','prueba2','prueba2','juan_071996@gmail.es','2431241007','556','01',SYSDATE,'PRUEBA',null);
INSERT INTO PSER_TR_USUARIO_PULSSAR (ID_USUARIO_PULSSAR,CH_USUARIO,CH_NOMBRE,CH_APELLIDO_PATERNO,CH_APELLIDO_MATERNO,CH_EMAIL,CH_CELULAR,CV_ORGANIZACION,CH_ESTATUS,FC_CONTROL,CH_USUARIO_MODIFICADOR,CH_SUCURSAL) values (3,'juan.071996@gmail.com','prueba3','prueba3','prueba3','juan.07199678@gmail.com','2435678987','556','00',SYSDATE,'PRUEBA',null);
INSERT INTO PSER_TR_USUARIO_PULSSAR (ID_USUARIO_PULSSAR,CH_USUARIO,CH_NOMBRE,CH_APELLIDO_PATERNO,CH_APELLIDO_MATERNO,CH_EMAIL,CH_CELULAR,CV_ORGANIZACION,CH_ESTATUS,FC_CONTROL,CH_USUARIO_MODIFICADOR,CH_SUCURSAL) values (4,'juan.gutierrez@gmail.com','prueba4','prueba4','prueba4','juan.0719967@gmail.com','2435673245','556','01',SYSDATE,'PRUEBA',null);
INSERT INTO PSER_TR_USUARIO_PULSSAR (ID_USUARIO_PULSSAR,CH_USUARIO,CH_NOMBRE,CH_APELLIDO_PATERNO,CH_APELLIDO_MATERNO,CH_EMAIL,CH_CELULAR,CV_ORGANIZACION,CH_ESTATUS,FC_CONTROL,CH_USUARIO_MODIFICADOR,CH_SUCURSAL) values (5,'0123456793','prueba4','prueba4','prueba4','joel@gmail.com','1234567890','556','03',SYSDATE,'PRUEBA',null);
INSERT INTO PSER_TR_USUARIO_PULSSAR (ID_USUARIO_PULSSAR,CH_USUARIO,CH_NOMBRE,CH_APELLIDO_PATERNO,CH_APELLIDO_MATERNO,CH_EMAIL,CH_CELULAR,CV_ORGANIZACION,CH_ESTATUS,FC_CONTROL,CH_USUARIO_MODIFICADOR,CH_SUCURSAL) values (6,'0123456794','prueba4','prueba4','prueba4','joel@gmail.com','1234567810','556','00',SYSDATE,'PRUEBA',null);
INSERT INTO PSER_TR_USUARIO_PULSSAR (ID_USUARIO_PULSSAR,CH_USUARIO,CH_NOMBRE,CH_APELLIDO_PATERNO,CH_APELLIDO_MATERNO,CH_EMAIL,CH_CELULAR,CV_ORGANIZACION,CH_ESTATUS,FC_CONTROL,CH_USUARIO_MODIFICADOR,CH_SUCURSAL) values (7,'jose@gmail.com','prueba4','prueba4','prueba4','jose@gmail.com','1234567811','556','02',SYSDATE,'PRUEBA',null);
INSERT INTO PSER_TR_USUARIO_PULSSAR (ID_USUARIO_PULSSAR,CH_USUARIO,CH_NOMBRE,CH_APELLIDO_PATERNO,CH_APELLIDO_MATERNO,CH_EMAIL,CH_CELULAR,CV_ORGANIZACION,CH_ESTATUS,FC_CONTROL,CH_USUARIO_MODIFICADOR,CH_SUCURSAL) values (8,'saul@gmail.com','prueba4','prueba4','prueba4','saul@gmail.com','0987654366','556','00',SYSDATE,'PRUEBA',null);
INSERT INTO PSER_TR_USUARIO_PULSSAR (ID_USUARIO_PULSSAR,CH_USUARIO,CH_NOMBRE,CH_APELLIDO_PATERNO,CH_APELLIDO_MATERNO,CH_EMAIL,CH_CELULAR,CV_ORGANIZACION,CH_ESTATUS,FC_CONTROL,CH_USUARIO_MODIFICADOR,CH_SUCURSAL) values (9,'inactivo@gmail.com','prueba4','prueba4','prueba4','saul@gmail.com','1010101010','556','00',SYSDATE,'PRUEBA',null);
INSERT INTO PSER_TR_USUARIO_PULSSAR (ID_USUARIO_PULSSAR,CH_USUARIO,CH_NOMBRE,CH_APELLIDO_PATERNO,CH_APELLIDO_MATERNO,CH_EMAIL,CH_CELULAR,CV_ORGANIZACION,CH_ESTATUS,FC_CONTROL,CH_USUARIO_MODIFICADOR,CH_SUCURSAL) values (10,'recuperar@gmail.com','prueba4','prueba4','prueba4','recuperar@gmail.com','1111111333','556','01',SYSDATE,'PRUEBA',null);
INSERT INTO PSER_TR_USUARIO_PULSSAR (ID_USUARIO_PULSSAR,CH_USUARIO,CH_NOMBRE,CH_APELLIDO_PATERNO,CH_APELLIDO_MATERNO,CH_EMAIL,CH_CELULAR,CV_ORGANIZACION,CH_ESTATUS,FC_CONTROL,CH_USUARIO_MODIFICADOR,CH_SUCURSAL) values (11,'inactivo2@gmail.com','prueba4','prueba4','prueba4','inactivo2@gmail.com','2222222555','556','00',SYSDATE,'PRUEBA',null);
INSERT INTO PSER_TR_USUARIO_PULSSAR (ID_USUARIO_PULSSAR,CH_USUARIO,CH_NOMBRE,CH_APELLIDO_PATERNO,CH_APELLIDO_MATERNO,CH_EMAIL,CH_CELULAR,CV_ORGANIZACION,CH_ESTATUS,FC_CONTROL,CH_USUARIO_MODIFICADOR,CH_SUCURSAL) values (12,'rolVentanilla@gmail.com','prueba4','prueba4','prueba4','rolVentanilla@gmail.com','3333333444','556','01',SYSDATE,'PRUEBA',null);
INSERT INTO PSER_TR_USUARIO_PULSSAR (ID_USUARIO_PULSSAR,CH_USUARIO,CH_NOMBRE,CH_APELLIDO_PATERNO,CH_APELLIDO_MATERNO,CH_EMAIL,CH_CELULAR,CV_ORGANIZACION,CH_ESTATUS,FC_CONTROL,CH_USUARIO_MODIFICADOR,CH_SUCURSAL) values (13,'rolusuario@gmail.com','prueba4','prueba4','prueba4','rolusuario@gmail.com','7788335500','556','01',SYSDATE,'PRUEBA',null);
INSERT INTO PSER_TR_USUARIO_PULSSAR (ID_USUARIO_PULSSAR,CH_USUARIO,CH_NOMBRE,CH_APELLIDO_PATERNO,CH_APELLIDO_MATERNO,CH_EMAIL,CH_CELULAR,CV_ORGANIZACION,CH_ESTATUS,FC_CONTROL,CH_USUARIO_MODIFICADOR,CH_SUCURSAL) values (14,'activacion@gmail.com','prueba4','prueba4','prueba4','activacion@gmail.com','5566889933','556','01',SYSDATE,'PRUEBA',null);
INSERT INTO PSER_TR_USUARIO_PULSSAR (ID_USUARIO_PULSSAR,CH_USUARIO,CH_NOMBRE,CH_APELLIDO_PATERNO,CH_APELLIDO_MATERNO,CH_EMAIL,CH_CELULAR,CV_ORGANIZACION,CH_ESTATUS,FC_CONTROL,CH_USUARIO_MODIFICADOR,CH_SUCURSAL) values (15,'bloqueado@gmail.com','prueba4','prueba4','prueba4','bloqueado@gmail.com','0000099991','556','00',SYSDATE,'PRUEBA',null);
INSERT INTO PSER_TR_USUARIO_PULSSAR (ID_USUARIO_PULSSAR,CH_USUARIO,CH_NOMBRE,CH_APELLIDO_PATERNO,CH_APELLIDO_MATERNO,CH_EMAIL,CH_CELULAR,CV_ORGANIZACION,CH_ESTATUS,FC_CONTROL,CH_USUARIO_MODIFICADOR,CH_SUCURSAL) values (16,'usado@gmail.com','prueba4','prueba4','prueba4','usado@gmail.com','7788336600','556','00',SYSDATE,'PRUEBA',null);
INSERT INTO PSER_TR_USUARIO_PULSSAR (ID_USUARIO_PULSSAR,CH_USUARIO,CH_NOMBRE,CH_APELLIDO_PATERNO,CH_APELLIDO_MATERNO,CH_EMAIL,CH_CELULAR,CV_ORGANIZACION,CH_ESTATUS,FC_CONTROL,CH_USUARIO_MODIFICADOR,CH_SUCURSAL) values (17,'vencido@gmail.com','prueba4','prueba4','prueba4','vencido@gmail.com','0939295386','556','00',SYSDATE,'PRUEBA',null);
INSERT INTO PSER_TR_USUARIO_PULSSAR (ID_USUARIO_PULSSAR,CH_USUARIO,CH_NOMBRE,CH_APELLIDO_PATERNO,CH_APELLIDO_MATERNO,CH_EMAIL,CH_CELULAR,CV_ORGANIZACION,CH_ESTATUS,FC_CONTROL,CH_USUARIO_MODIFICADOR,CH_SUCURSAL) values (18,'bloqueado2@gmail.com','prueba4','prueba4','prueba4','bloqueado2@gmail.com','1177220072','556','00',SYSDATE,'PRUEBA',null);
INSERT INTO PSER_TR_USUARIO_PULSSAR (ID_USUARIO_PULSSAR,CH_USUARIO,CH_NOMBRE,CH_APELLIDO_PATERNO,CH_APELLIDO_MATERNO,CH_EMAIL,CH_CELULAR,CV_ORGANIZACION,CH_ESTATUS,FC_CONTROL,CH_USUARIO_MODIFICADOR,CH_SUCURSAL) values (19,'fechaVencido@gmail.com','prueba4','prueba4','prueba4','fechaVencido@gmail.com','0928404058','556','00',SYSDATE,'PRUEBA',null);
INSERT INTO PSER_TR_USUARIO_PULSSAR (ID_USUARIO_PULSSAR,CH_USUARIO,CH_NOMBRE,CH_APELLIDO_PATERNO,CH_APELLIDO_MATERNO,CH_EMAIL,CH_CELULAR,CV_ORGANIZACION,CH_ESTATUS,FC_CONTROL,CH_USUARIO_MODIFICADOR,CH_SUCURSAL) values (20,'codigoVigente@gmail.com','prueba4','prueba4','prueba4','codigoVigente@gmail.com','5920493348','556','01',SYSDATE,'PRUEBA',null);
INSERT INTO PSER_TR_USUARIO_PULSSAR (ID_USUARIO_PULSSAR,CH_USUARIO,CH_NOMBRE,CH_APELLIDO_PATERNO,CH_APELLIDO_MATERNO,CH_EMAIL,CH_CELULAR,CV_ORGANIZACION,CH_ESTATUS,FC_CONTROL,CH_USUARIO_MODIFICADOR,CH_SUCURSAL) values (21,'usuarioBloqueo@gmail.com','prueba4','prueba4','prueba4','usuarioBloqueo@gmail.com','0194043535','556','01',SYSDATE,'PRUEBA',null);
INSERT INTO PSER_TR_USUARIO_PULSSAR (ID_USUARIO_PULSSAR,CH_USUARIO,CH_NOMBRE,CH_APELLIDO_PATERNO,CH_APELLIDO_MATERNO,CH_EMAIL,CH_CELULAR,CV_ORGANIZACION,CH_ESTATUS,FC_CONTROL,CH_USUARIO_MODIFICADOR,CH_SUCURSAL) values (22,'usuarioSegundoBloqueo@gmail.com','prueba4','prueba4','prueba4','usuarioSegundoBloqueo@gmail.com','5495385636','556','01',SYSDATE,'PRUEBA',null);
INSERT INTO PSER_TR_USUARIO_PULSSAR (ID_USUARIO_PULSSAR,CH_USUARIO,CH_NOMBRE,CH_APELLIDO_PATERNO,CH_APELLIDO_MATERNO,CH_EMAIL,CH_CELULAR,CV_ORGANIZACION,CH_ESTATUS,FC_CONTROL,CH_USUARIO_MODIFICADOR,CH_SUCURSAL) values (23,'sincorreo','prueba4','prueba4','prueba4',null,'3539353939','556','01',SYSDATE,'PRUEBA',null);
INSERT INTO PSER_TR_USUARIO_PULSSAR (ID_USUARIO_PULSSAR,CH_USUARIO,CH_NOMBRE,CH_APELLIDO_PATERNO,CH_APELLIDO_MATERNO,CH_EMAIL,CH_CELULAR,CV_ORGANIZACION,CH_ESTATUS,FC_CONTROL,CH_USUARIO_MODIFICADOR,CH_SUCURSAL) values (24,'primerBloqueo@gmail.com','prueba4','prueba4','prueba4','primerBloqueo@gmail.com','2389764897','556','04',SYSDATE,'PRUEBA',null);
INSERT INTO PSER_TR_USUARIO_PULSSAR (ID_USUARIO_PULSSAR,CH_USUARIO,CH_NOMBRE,CH_APELLIDO_PATERNO,CH_APELLIDO_MATERNO,CH_EMAIL,CH_CELULAR,CV_ORGANIZACION,CH_ESTATUS,FC_CONTROL,CH_USUARIO_MODIFICADOR,CH_SUCURSAL) values (25,'vigencia','prueba4','prueba4','prueba4','vigencia@gmail.com','3498743289','556','04',SYSDATE,'PRUEBA',null);
INSERT INTO PSER_TR_USUARIO_PULSSAR (ID_USUARIO_PULSSAR,CH_USUARIO,CH_NOMBRE,CH_APELLIDO_PATERNO,CH_APELLIDO_MATERNO,CH_EMAIL,CH_CELULAR,CV_ORGANIZACION,CH_ESTATUS,FC_CONTROL,CH_USUARIO_MODIFICADOR,CH_SUCURSAL) values (26,'primerBloqueoVigente','prueba4','prueba4','prueba4','primerBloqueoVigente@gmail.com','9834298827','556','04',SYSDATE,'PRUEBA',null);
INSERT INTO PSER_TR_USUARIO_PULSSAR (ID_USUARIO_PULSSAR,CH_USUARIO,CH_NOMBRE,CH_APELLIDO_PATERNO,CH_APELLIDO_MATERNO,CH_EMAIL,CH_CELULAR,CV_ORGANIZACION,CH_ESTATUS,FC_CONTROL,CH_USUARIO_MODIFICADOR,CH_SUCURSAL) values (27,'segundoBloqueoVigente','prueba4','prueba4','prueba4','segundoBloqueoVigente@gmail.com','9834298827','556','04',SYSDATE,'PRUEBA',null);
INSERT INTO PSER_TR_USUARIO_PULSSAR (ID_USUARIO_PULSSAR,CH_USUARIO,CH_NOMBRE,CH_APELLIDO_PATERNO,CH_APELLIDO_MATERNO,CH_EMAIL,CH_CELULAR,CV_ORGANIZACION,CH_ESTATUS,FC_CONTROL,CH_USUARIO_MODIFICADOR,CH_SUCURSAL) values (28,'reactivado','prueba4','prueba4','prueba4','reactivado@gmail.com','9834298827','556','05',SYSDATE,'PRUEBA',null);
INSERT INTO PSER_TR_USUARIO_PULSSAR (ID_USUARIO_PULSSAR,CH_USUARIO,CH_NOMBRE,CH_APELLIDO_PATERNO,CH_APELLIDO_MATERNO,CH_EMAIL,CH_CELULAR,CV_ORGANIZACION,CH_ESTATUS,FC_CONTROL,CH_USUARIO_MODIFICADOR,CH_SUCURSAL) values (29,'intentosBloqueo','prueba4','prueba4','prueba4','intentosBloqueo@gmail.com','9834298827','556','01',SYSDATE,'PRUEBA',null);
INSERT INTO PSER_TR_USUARIO_PULSSAR (ID_USUARIO_PULSSAR,CH_USUARIO,CH_NOMBRE,CH_APELLIDO_PATERNO,CH_APELLIDO_MATERNO,CH_EMAIL,CH_CELULAR,CV_ORGANIZACION,CH_ESTATUS,FC_CONTROL,CH_USUARIO_MODIFICADOR,CH_SUCURSAL) values (30,'sinRegistroBloqueo','prueba4','prueba4','prueba4','sinRegistroBloqueo@gmail.com','9834298827','556','04',SYSDATE,'PRUEBA',null);
INSERT INTO PSER_TR_USUARIO_PULSSAR (ID_USUARIO_PULSSAR,CH_USUARIO,CH_NOMBRE,CH_APELLIDO_PATERNO,CH_APELLIDO_MATERNO,CH_EMAIL,CH_CELULAR,CV_ORGANIZACION,CH_ESTATUS,FC_CONTROL,CH_USUARIO_MODIFICADOR,CH_SUCURSAL) values (31,'usuarioBaja','prueba4','prueba4','prueba4','usuarioBaja@gmail.com','9834298827','556','00',SYSDATE,'PRUEBA',null);
INSERT INTO PSER_TR_USUARIO_PULSSAR (ID_USUARIO_PULSSAR,CH_USUARIO,CH_NOMBRE,CH_APELLIDO_PATERNO,CH_APELLIDO_MATERNO,CH_EMAIL,CH_CELULAR,CV_ORGANIZACION,CH_ESTATUS,FC_CONTROL,CH_USUARIO_MODIFICADOR,CH_SUCURSAL) values (32,'codigoVendidoAlta1','prueba4','prueba4','prueba4','codigoVendidoAlta2@gmail.com','3249874580','556','00',SYSDATE,'PRUEBA',null);
INSERT INTO PSER_TR_USUARIO_PULSSAR (ID_USUARIO_PULSSAR,CH_USUARIO,CH_NOMBRE,CH_APELLIDO_PATERNO,CH_APELLIDO_MATERNO,CH_EMAIL,CH_CELULAR,CV_ORGANIZACION,CH_ESTATUS,FC_CONTROL,CH_USUARIO_MODIFICADOR,CH_SUCURSAL) values (33,'codigoVendidoAlta2','prueba4','prueba4','prueba4','codigoVendidoAlta2@gmail.com','2348754453','556','00',SYSDATE,'PRUEBA',null);
INSERT INTO PSER_TR_USUARIO_PULSSAR (ID_USUARIO_PULSSAR,CH_USUARIO,CH_NOMBRE,CH_APELLIDO_PATERNO,CH_APELLIDO_MATERNO,CH_EMAIL,CH_CELULAR,CV_ORGANIZACION,CH_ESTATUS,FC_CONTROL,CH_USUARIO_MODIFICADOR,CH_SUCURSAL) values (34,'cambioPasword','prueba4','prueba4','prueba4','cambioPasword@gmail.com','2348754453','556','02',SYSDATE,'PRUEBA',null);
INSERT INTO PSER_TR_USUARIO_PULSSAR (ID_USUARIO_PULSSAR,CH_USUARIO,CH_NOMBRE,CH_APELLIDO_PATERNO,CH_APELLIDO_MATERNO,CH_EMAIL,CH_CELULAR,CV_ORGANIZACION,CH_ESTATUS,FC_CONTROL,CH_USUARIO_MODIFICADOR,CH_SUCURSAL) values (35,'bloqueoUno','prueba4','prueba4','prueba4','bloqueoUno@gmail.com','9764298375','556','04',SYSDATE,'PRUEBA',null);
INSERT INTO PSER_TR_USUARIO_PULSSAR (ID_USUARIO_PULSSAR,CH_USUARIO,CH_NOMBRE,CH_APELLIDO_PATERNO,CH_APELLIDO_MATERNO,CH_EMAIL,CH_CELULAR,CV_ORGANIZACION,CH_ESTATUS,FC_CONTROL,CH_USUARIO_MODIFICADOR,CH_SUCURSAL) values (36,'bloqueoDos','prueba4','prueba4','prueba4','bloqueoDos@gmail.com','1409725268','556','04',SYSDATE,'PRUEBA',null);
INSERT INTO PSER_TR_USUARIO_PULSSAR (ID_USUARIO_PULSSAR,CH_USUARIO,CH_NOMBRE,CH_APELLIDO_PATERNO,CH_APELLIDO_MATERNO,CH_EMAIL,CH_CELULAR,CV_ORGANIZACION,CH_ESTATUS,FC_CONTROL,CH_USUARIO_MODIFICADOR,CH_SUCURSAL) values (37,'reenvioUno','prueba4','prueba4','prueba4','reenvioUno@gmail.com','2398342857','556','00',SYSDATE,'PRUEBA',null);
INSERT INTO PSER_TR_USUARIO_PULSSAR (ID_USUARIO_PULSSAR,CH_USUARIO,CH_NOMBRE,CH_APELLIDO_PATERNO,CH_APELLIDO_MATERNO,CH_EMAIL,CH_CELULAR,CV_ORGANIZACION,CH_ESTATUS,FC_CONTROL,CH_USUARIO_MODIFICADOR,CH_SUCURSAL) values (38,'reenvioDos','prueba4','prueba4','prueba4','reenvioDos@gmail.com','9823873267','556','00',SYSDATE,'PRUEBA',null);
INSERT INTO PSER_TR_USUARIO_PULSSAR (ID_USUARIO_PULSSAR,CH_USUARIO,CH_NOMBRE,CH_APELLIDO_PATERNO,CH_APELLIDO_MATERNO,CH_EMAIL,CH_CELULAR,CV_ORGANIZACION,CH_ESTATUS,FC_CONTROL,CH_USUARIO_MODIFICADOR,CH_SUCURSAL) values (39,'administradorBloqueo','prueba4','prueba4','prueba4','administradorBloqueo@gmail.com','0872352387','556','01',SYSDATE,'PRUEBA',null);
INSERT INTO PSER_TR_USUARIO_PULSSAR (ID_USUARIO_PULSSAR,CH_USUARIO,CH_NOMBRE,CH_APELLIDO_PATERNO,CH_APELLIDO_MATERNO,CH_EMAIL,CH_CELULAR,CV_ORGANIZACION,CH_ESTATUS,FC_CONTROL,CH_USUARIO_MODIFICADOR,CH_SUCURSAL) values (40,'reenvioCorreo','prueba4','prueba4','prueba4','administradorBloqueo@gmail.com','0872352387','556','01',SYSDATE,'PRUEBA',null);
INSERT INTO PSER_TR_USUARIO_PULSSAR (ID_USUARIO_PULSSAR,CH_USUARIO,CH_NOMBRE,CH_APELLIDO_PATERNO,CH_APELLIDO_MATERNO,CH_EMAIL,CH_CELULAR,CV_ORGANIZACION,CH_ESTATUS,FC_CONTROL,CH_USUARIO_MODIFICADOR,CH_SUCURSAL) values (41,'reenvioCodigoAlta','prueba4','prueba4','prueba4','reenvioCodigoAlta@gmail.com','8927384650','556','00',SYSDATE,'PRUEBA',null);
INSERT INTO PSER_TR_USUARIO_PULSSAR (ID_USUARIO_PULSSAR,CH_USUARIO,CH_NOMBRE,CH_APELLIDO_PATERNO,CH_APELLIDO_MATERNO,CH_EMAIL,CH_CELULAR,CV_ORGANIZACION,CH_ESTATUS,FC_CONTROL,CH_USUARIO_MODIFICADOR,CH_SUCURSAL) values (42,'reenvioCodigoCambio','prueba4','prueba4','prueba4','reenvioCodigoCambio@gmail.com','2398792347','556','02',SYSDATE,'PRUEBA',null);
Insert into PSER_TR_USUARIO_PULSSAR (ID_USUARIO_PULSSAR,CH_USUARIO,CH_NOMBRE,CH_APELLIDO_PATERNO,CH_APELLIDO_MATERNO,CH_EMAIL,CH_CELULAR,CV_ORGANIZACION,CH_ESTATUS,FC_CONTROL,CH_USUARIO_MODIFICADOR,CH_SUCURSAL) values (50,'davidtol19@gmail.com','DAVID','BARBOSA','IBARRA','davidtol19@gmail.com','5586789202','999','01',SYSDATE,'usuario_alta',null);
Insert into PSER_TR_USUARIO_PULSSAR (ID_USUARIO_PULSSAR,CH_USUARIO,CH_NOMBRE,CH_APELLIDO_PATERNO,CH_APELLIDO_MATERNO,CH_EMAIL,CH_CELULAR,CV_ORGANIZACION,CH_ESTATUS,FC_CONTROL,CH_USUARIO_MODIFICADOR,CH_SUCURSAL) values (51,'1508080286','JUDITH IVONEE','IBARRA','LANDIN','rearc90@gmail.com','5586789210','556','03',SYSDATE,'dah2910@gmail.com',null);
Insert into PSER_TR_USUARIO_PULSSAR (ID_USUARIO_PULSSAR,CH_USUARIO,CH_NOMBRE,CH_APELLIDO_PATERNO,CH_APELLIDO_MATERNO,CH_EMAIL,CH_CELULAR,CV_ORGANIZACION,CH_ESTATUS,FC_CONTROL,CH_USUARIO_MODIFICADOR,CH_SUCURSAL) values (53,'1508080287','JENNYFER','GUTIERREZ','LOZA',null,'5586789205','538','01',SYSDATE,'1508080287',null);
Insert into PSER_TR_USUARIO_PULSSAR (ID_USUARIO_PULSSAR,CH_USUARIO,CH_NOMBRE,CH_APELLIDO_PATERNO,CH_APELLIDO_MATERNO,CH_EMAIL,CH_CELULAR,CV_ORGANIZACION,CH_ESTATUS,FC_CONTROL,CH_USUARIO_MODIFICADOR,CH_SUCURSAL) values (54,'1508080321','ANA FABIOLA','RODRIGUEZ','VELASCO','davidtol193@gmail.com','5586789206','578','01',SYSDATE,'davidtol19@gmail.com',null);
Insert into PSER_TR_USUARIO_PULSSAR (ID_USUARIO_PULSSAR,CH_USUARIO,CH_NOMBRE,CH_APELLIDO_PATERNO,CH_APELLIDO_MATERNO,CH_EMAIL,CH_CELULAR,CV_ORGANIZACION,CH_ESTATUS,FC_CONTROL,CH_USUARIO_MODIFICADOR,CH_SUCURSAL) values (61,'1506091097','EMMANUEL','PRUEBA','CONSULTA','davidtol195@gmail.com','5586789203','544','01',SYSDATE,'josorio@procesar.com',null);
Insert into PSER_TR_USUARIO_PULSSAR (ID_USUARIO_PULSSAR,CH_USUARIO,CH_NOMBRE,CH_APELLIDO_PATERNO,CH_APELLIDO_MATERNO,CH_EMAIL,CH_CELULAR,CV_ORGANIZACION,CH_ESTATUS,FC_CONTROL,CH_USUARIO_MODIFICADOR,CH_SUCURSAL) values (97,'9632587410','GERSON','ALVAREZ','RAYA','davidtol1956@gmail.com','5586789208','534','01',SYSDATE,'davidtol19@gmail.com',null);
Insert into PSER_TR_USUARIO_PULSSAR (ID_USUARIO_PULSSAR,CH_USUARIO,CH_NOMBRE,CH_APELLIDO_PATERNO,CH_APELLIDO_MATERNO,CH_EMAIL,CH_CELULAR,CV_ORGANIZACION,CH_ESTATUS,FC_CONTROL,CH_USUARIO_MODIFICADOR,CH_SUCURSAL) values (98,'9632587411','MIGUEL ANGEL','ALVAREZ','ROMERO','davidtol191@gmail.com','5586789207','534','01',SYSDATE,'usuario_alta',null);
Insert into PSER_TR_USUARIO_PULSSAR (ID_USUARIO_PULSSAR,CH_USUARIO,CH_NOMBRE,CH_APELLIDO_PATERNO,CH_APELLIDO_MATERNO,CH_EMAIL,CH_CELULAR,CV_ORGANIZACION,CH_ESTATUS,FC_CONTROL,CH_USUARIO_MODIFICADOR,CH_SUCURSAL) values (99,'1915181605','DANIEL','PADILLA','BUSTOS','davidtol191@gmail.com','5586789209','544','01',SYSDATE,'usuario_alta',null);
Insert into PSER_TR_USUARIO_PULSSAR (ID_USUARIO_PULSSAR,CH_USUARIO,CH_NOMBRE,CH_APELLIDO_PATERNO,CH_APELLIDO_MATERNO,CH_EMAIL,CH_CELULAR,CV_ORGANIZACION,CH_ESTATUS,FC_CONTROL,CH_USUARIO_MODIFICADOR,CH_SUCURSAL) values (100,'1508080286','JUDITH IVONEE','IBARRA','LANDIN','judithd@gmail.com','5586789244','556','01',SYSDATE,'jalvcd@hotmail.com',null);
Insert into PSER_TR_USUARIO_PULSSAR (ID_USUARIO_PULSSAR,CH_USUARIO,CH_NOMBRE,CH_APELLIDO_PATERNO,CH_APELLIDO_MATERNO,CH_EMAIL,CH_CELULAR,CV_ORGANIZACION,CH_ESTATUS,FC_CONTROL,CH_USUARIO_MODIFICADOR,CH_SUCURSAL) values (101,'jalvcd@hotmail.com','Juan antonio','Leon','Valencia','jalvcd@hotmail.com','5610503523','556','01',SYSDATE,'jalvcd@hotmail.com',null);
Insert into PSER_TR_USUARIO_PULSSAR (ID_USUARIO_PULSSAR,CH_USUARIO,CH_NOMBRE,CH_APELLIDO_PATERNO,CH_APELLIDO_MATERNO,CH_EMAIL,CH_CELULAR,CV_ORGANIZACION,CH_ESTATUS,FC_CONTROL,CH_USUARIO_MODIFICADOR,CH_SUCURSAL) values (102,'1508006507','CESAR','ARAGON','TOMAS','tomas34@gmail.com','5586789301','556','01',SYSDATE,'jalvcd@hotmail.com',null);
Insert into PSER_TR_USUARIO_PULSSAR (ID_USUARIO_PULSSAR,CH_USUARIO,CH_NOMBRE,CH_APELLIDO_PATERNO,CH_APELLIDO_MATERNO,CH_EMAIL,CH_CELULAR,CV_ORGANIZACION,CH_ESTATUS,FC_CONTROL,CH_USUARIO_MODIFICADOR,CH_SUCURSAL) values (121,'admin@prueba.com','ADMIN','BANAMEX',null,'josorio1@procesar.com','5534087331','552','01',SYSDATE,'usuario_alta',null);
Insert into PSER_TR_USUARIO_PULSSAR (ID_USUARIO_PULSSAR,CH_USUARIO,CH_NOMBRE,CH_APELLIDO_PATERNO,CH_APELLIDO_MATERNO,CH_EMAIL,CH_CELULAR,CV_ORGANIZACION,CH_ESTATUS,FC_CONTROL,CH_USUARIO_MODIFICADOR,CH_SUCURSAL) values (132,'josorio@procesar.com','ADMIN','ALTA','PRUEBA','josorio@procesar.com',null,'552','02',SYSDATE,'usuario_recuperacion','4101');


-- PSER_TR_USER_ROL_PULSSAR
INSERT INTO PSER_TR_USER_ROL_PULSSAR (ID_USER_ROL_PULSSAR,NU_ESTATUS,FC_CONTROL,CH_USUARIO_MODIFICADOR,ID_USUARIO_PULSSAR,ID_ROL_PULSSAR)
SELECT PSER_SEQ_USER_ROL_PULSSAR.NEXTVAL, '1' AS NU_ESTATUS, SYSDATE AS FC_CONTROL, 'ADMINISTRADOR' AS CH_USUARIO_MODIFICADOR,
UP.ID_USUARIO_PULSSAR, RP.ID_ROL_PULSSAR 
FROM PSER_TR_USUARIO_PULSSAR UP
INNER JOIN PSER_TC_ROL_PULSSAR RP ON UP.CV_ORGANIZACION = RP.CH_AFORE
WHERE  RP.CV_ROL_PULSSAR = '05' AND UP.CV_ORGANIZACION != '999' AND UP.CH_USUARIO NOT LIKE '%@%';

INSERT INTO PSER_TR_USER_ROL_PULSSAR (ID_USER_ROL_PULSSAR,NU_ESTATUS,FC_CONTROL,CH_USUARIO_MODIFICADOR,ID_USUARIO_PULSSAR,ID_ROL_PULSSAR)
SELECT PSER_SEQ_USER_ROL_PULSSAR.NEXTVAL, '1' AS NU_ESTATUS, SYSDATE AS FC_CONTROL, 'ADMINISTRADOR' AS CH_USUARIO_MODIFICADOR,
UP.ID_USUARIO_PULSSAR, RP.ID_ROL_PULSSAR 
FROM PSER_TR_USUARIO_PULSSAR UP
INNER JOIN PSER_TC_ROL_PULSSAR RP ON UP.CV_ORGANIZACION = RP.CH_AFORE
WHERE  RP.CV_ROL_PULSSAR = '03' AND UP.CV_ORGANIZACION != '999' AND UP.CH_USUARIO LIKE '%@%';

INSERT INTO PSER_TR_USER_ROL_PULSSAR (ID_USER_ROL_PULSSAR,NU_ESTATUS,FC_CONTROL,CH_USUARIO_MODIFICADOR,ID_USUARIO_PULSSAR,ID_ROL_PULSSAR)
SELECT PSER_SEQ_USER_ROL_PULSSAR.NEXTVAL, '1' AS NU_ESTATUS, SYSDATE AS FC_CONTROL, 'ADMINISTRADOR' AS CH_USUARIO_MODIFICADOR,
UP.ID_USUARIO_PULSSAR, RP.ID_ROL_PULSSAR 
FROM PSER_TR_USUARIO_PULSSAR UP
INNER JOIN PSER_TC_ROL_PULSSAR RP ON UP.CV_ORGANIZACION = RP.CH_AFORE
WHERE  RP.CV_ROL_PULSSAR = '01' AND UP.CV_ORGANIZACION = '999';

-- PSER_TC_MENU_PAGINA
Insert into PSER_TC_MENU_PAGINA (ID_MENU_PAGINA,NU_PAGINA__PRINCIPAL,CH_RUTA,CH_DESC_MENU_PAGINA,CH_IMAGEN,FC_CONTROL,CH_USUARIO_MODIFICADOR) values (PSER_SEQ_MENU_PAGINA.NEXTVAL, 1, '/pulssar/admin/menu.do', 'Menu principal',' ', SYSDATE, 'MIGRACION');
Insert into PSER_TC_MENU_PAGINA (ID_MENU_PAGINA,NU_PAGINA__PRINCIPAL,CH_RUTA,CH_DESC_MENU_PAGINA,CH_IMAGEN,FC_CONTROL,CH_USUARIO_MODIFICADOR) values (PSER_SEQ_MENU_PAGINA.NEXTVAL, 1, '/pulssar/private/consultaTrabajador.do', 'Pantalla consulta Trabajador', ' ', SYSDATE, 'MIGRACION');
Insert into PSER_TC_MENU_PAGINA (ID_MENU_PAGINA,NU_PAGINA__PRINCIPAL,CH_RUTA,CH_DESC_MENU_PAGINA,CH_IMAGEN,FC_CONTROL,CH_USUARIO_MODIFICADOR) values (PSER_SEQ_MENU_PAGINA.NEXTVAL, 1, '/pulssar/private/menuPrincipal.do', 'Menu principal', ' ', SYSDATE, 'MIGRACION');
Insert into PSER_TC_MENU_PAGINA (ID_MENU_PAGINA,NU_PAGINA__PRINCIPAL,CH_RUTA,CH_DESC_MENU_PAGINA,CH_IMAGEN,FC_CONTROL,CH_USUARIO_MODIFICADOR) values (PSER_SEQ_MENU_PAGINA.NEXTVAL, 0, '/pulssar/admin/alta.do', 'Alta de Usuarios', '../webResources/img/alta_user.png', SYSDATE, 'MIGRACION');
Insert into PSER_TC_MENU_PAGINA (ID_MENU_PAGINA,NU_PAGINA__PRINCIPAL,CH_RUTA,CH_DESC_MENU_PAGINA,CH_IMAGEN,FC_CONTROL,CH_USUARIO_MODIFICADOR) values (PSER_SEQ_MENU_PAGINA.NEXTVAL, 0, '/pulssar/admin/baja.do', 'Baja de Usuarios', '../webResources/img/delete_user.png', SYSDATE, 'MIGRACION');
Insert into PSER_TC_MENU_PAGINA (ID_MENU_PAGINA,NU_PAGINA__PRINCIPAL,CH_RUTA,CH_DESC_MENU_PAGINA,CH_IMAGEN,FC_CONTROL,CH_USUARIO_MODIFICADOR) values (PSER_SEQ_MENU_PAGINA.NEXTVAL, 0, '/pulssar/admin/modifica.do', 'Modificación de Datos', '../webResources/img/modificacion_user.png', SYSDATE, 'MIGRACION');
Insert into PSER_TC_MENU_PAGINA (ID_MENU_PAGINA,NU_PAGINA__PRINCIPAL,CH_RUTA,CH_DESC_MENU_PAGINA,CH_IMAGEN,FC_CONTROL,CH_USUARIO_MODIFICADOR) values (PSER_SEQ_MENU_PAGINA.NEXTVAL, 0, '/pulssar/admin/asigna.do', 'Asignación de Perfiles', '../webResources/img/asignacion_user.png', SYSDATE, 'MIGRACION');
Insert into PSER_TC_MENU_PAGINA (ID_MENU_PAGINA,NU_PAGINA__PRINCIPAL,CH_RUTA,CH_DESC_MENU_PAGINA,CH_IMAGEN,FC_CONTROL,CH_USUARIO_MODIFICADOR) values (PSER_SEQ_MENU_PAGINA.NEXTVAL, 0, '/pulssar/admin/consultaCorreo.do', 'Gestión de Correos', '../webResources/img/email_user.png', SYSDATE, 'MIGRACION');
Insert into PSER_TC_MENU_PAGINA (ID_MENU_PAGINA,NU_PAGINA__PRINCIPAL,CH_RUTA,CH_DESC_MENU_PAGINA,CH_IMAGEN,FC_CONTROL,CH_USUARIO_MODIFICADOR) values (PSER_SEQ_MENU_PAGINA.NEXTVAL, 0, '/pulssar/admin/reenvio.do', 'Reenvío de Credenciales', '../webResources/img/icon_credenciales_vencidas.png', SYSDATE, 'MIGRACION');
Insert into PSER_TC_MENU_PAGINA (ID_MENU_PAGINA,NU_PAGINA__PRINCIPAL,CH_RUTA,CH_DESC_MENU_PAGINA,CH_IMAGEN,FC_CONTROL,CH_USUARIO_MODIFICADOR) values (PSER_SEQ_MENU_PAGINA.NEXTVAL, 0, '/pulssar/admin/reactiva.do', 'Desbloqueo Usuarios', '../webResources/img/desbloquear_usuario.png', SYSDATE, 'MIGRACION');
Insert into PSER_TC_MENU_PAGINA (ID_MENU_PAGINA,NU_PAGINA__PRINCIPAL,CH_RUTA,CH_DESC_MENU_PAGINA,CH_IMAGEN,FC_CONTROL,CH_USUARIO_MODIFICADOR) values (PSER_SEQ_MENU_PAGINA.NEXTVAL, 0, '/pulssar/private/turno.do', 'Turno', '../webResources/img/clock.png', SYSDATE, 'MIGRACION');
Insert into PSER_TC_MENU_PAGINA (ID_MENU_PAGINA,NU_PAGINA__PRINCIPAL,CH_RUTA,CH_DESC_MENU_PAGINA,CH_IMAGEN,FC_CONTROL,CH_USUARIO_MODIFICADOR) values (PSER_SEQ_MENU_PAGINA.NEXTVAL, 0, 'administracion_de_turnos.html', 'Asignar Turno', '../webResources/img/icon_administracion.png', SYSDATE, 'MIGRACION');
Insert into PSER_TC_MENU_PAGINA (ID_MENU_PAGINA,NU_PAGINA__PRINCIPAL,CH_RUTA,CH_DESC_MENU_PAGINA,CH_IMAGEN,FC_CONTROL,CH_USUARIO_MODIFICADOR) values (PSER_SEQ_MENU_PAGINA.NEXTVAL, 0, '/pulssar/private/disponibilidadTurno.do', 'Disponibilidad', '../webResources/img/disponibilidad.png', SYSDATE, 'MIGRACION');
Insert into PSER_TC_MENU_PAGINA (ID_MENU_PAGINA,NU_PAGINA__PRINCIPAL,CH_RUTA,CH_DESC_MENU_PAGINA,CH_IMAGEN,FC_CONTROL,CH_USUARIO_MODIFICADOR) values (PSER_SEQ_MENU_PAGINA.NEXTVAL, 0, '/pulssar/private/consultaTurnoRegistrado.do', 'Administración de Turnos', '../webResources/img/icon_administracion.png', SYSDATE, 'MIGRACION');
Insert into PSER_TC_MENU_PAGINA (ID_MENU_PAGINA,NU_PAGINA__PRINCIPAL,CH_RUTA,CH_DESC_MENU_PAGINA,CH_IMAGEN,FC_CONTROL,CH_USUARIO_MODIFICADOR) values (PSER_SEQ_MENU_PAGINA.NEXTVAL, 0, '/pulssar/private/finalizarTurno.do', 'Finalizar Turno', '../webResources/img/finalizar.png', SYSDATE, 'MIGRACION');
Insert into PSER_TC_MENU_PAGINA (ID_MENU_PAGINA,NU_PAGINA__PRINCIPAL,CH_RUTA,CH_DESC_MENU_PAGINA,CH_IMAGEN,FC_CONTROL,CH_USUARIO_MODIFICADOR) values (PSER_SEQ_MENU_PAGINA.NEXTVAL, 0, '/pulssar/private/inicioReporteria.do', 'Reporteria', '../webResources/img/reporteria.png', SYSDATE, 'MIGRACION');

--PSER_TC_ROL_MENU
Insert into PSER_TC_ROL_MENU (ID_ROL_MENU,ID_ROL_PULSSAR,ID_MENU_PAGINA,FC_CONTROL,CH_USUARIO_MODIFICADOR) values (PSER_SEQ_ROL_MENU.NEXTVAL, 1, 1, SYSDATE, 'MIGRACION');
Insert into PSER_TC_ROL_MENU (ID_ROL_MENU,ID_ROL_PULSSAR,ID_MENU_PAGINA,FC_CONTROL,CH_USUARIO_MODIFICADOR) values (PSER_SEQ_ROL_MENU.NEXTVAL, 3, 1, SYSDATE, 'MIGRACION');
Insert into PSER_TC_ROL_MENU (ID_ROL_MENU,ID_ROL_PULSSAR,ID_MENU_PAGINA,FC_CONTROL,CH_USUARIO_MODIFICADOR) values (PSER_SEQ_ROL_MENU.NEXTVAL, 6, 1, SYSDATE, 'MIGRACION');
Insert into PSER_TC_ROL_MENU (ID_ROL_MENU,ID_ROL_PULSSAR,ID_MENU_PAGINA,FC_CONTROL,CH_USUARIO_MODIFICADOR) values (PSER_SEQ_ROL_MENU.NEXTVAL, 9, 1, SYSDATE, 'MIGRACION');
Insert into PSER_TC_ROL_MENU (ID_ROL_MENU,ID_ROL_PULSSAR,ID_MENU_PAGINA,FC_CONTROL,CH_USUARIO_MODIFICADOR) values (PSER_SEQ_ROL_MENU.NEXTVAL, 12, 1, SYSDATE, 'MIGRACION');
Insert into PSER_TC_ROL_MENU (ID_ROL_MENU,ID_ROL_PULSSAR,ID_MENU_PAGINA,FC_CONTROL,CH_USUARIO_MODIFICADOR) values (PSER_SEQ_ROL_MENU.NEXTVAL, 15, 1, SYSDATE, 'MIGRACION');
Insert into PSER_TC_ROL_MENU (ID_ROL_MENU,ID_ROL_PULSSAR,ID_MENU_PAGINA,FC_CONTROL,CH_USUARIO_MODIFICADOR) values (PSER_SEQ_ROL_MENU.NEXTVAL, 19, 1, SYSDATE, 'MIGRACION');
Insert into PSER_TC_ROL_MENU (ID_ROL_MENU,ID_ROL_PULSSAR,ID_MENU_PAGINA,FC_CONTROL,CH_USUARIO_MODIFICADOR) values (PSER_SEQ_ROL_MENU.NEXTVAL, 22, 1, SYSDATE, 'MIGRACION');
Insert into PSER_TC_ROL_MENU (ID_ROL_MENU,ID_ROL_PULSSAR,ID_MENU_PAGINA,FC_CONTROL,CH_USUARIO_MODIFICADOR) values (PSER_SEQ_ROL_MENU.NEXTVAL, 25, 1, SYSDATE, 'MIGRACION');
Insert into PSER_TC_ROL_MENU (ID_ROL_MENU,ID_ROL_PULSSAR,ID_MENU_PAGINA,FC_CONTROL,CH_USUARIO_MODIFICADOR) values (PSER_SEQ_ROL_MENU.NEXTVAL, 28, 1, SYSDATE, 'MIGRACION');
Insert into PSER_TC_ROL_MENU (ID_ROL_MENU,ID_ROL_PULSSAR,ID_MENU_PAGINA,FC_CONTROL,CH_USUARIO_MODIFICADOR) values (PSER_SEQ_ROL_MENU.NEXTVAL, 31, 1, SYSDATE, 'MIGRACION');
Insert into PSER_TC_ROL_MENU (ID_ROL_MENU,ID_ROL_PULSSAR,ID_MENU_PAGINA,FC_CONTROL,CH_USUARIO_MODIFICADOR) values (PSER_SEQ_ROL_MENU.NEXTVAL, 1, 4, SYSDATE, 'MIGRACION');
Insert into PSER_TC_ROL_MENU (ID_ROL_MENU,ID_ROL_PULSSAR,ID_MENU_PAGINA,FC_CONTROL,CH_USUARIO_MODIFICADOR) values (PSER_SEQ_ROL_MENU.NEXTVAL, 1, 5, SYSDATE, 'MIGRACION');
Insert into PSER_TC_ROL_MENU (ID_ROL_MENU,ID_ROL_PULSSAR,ID_MENU_PAGINA,FC_CONTROL,CH_USUARIO_MODIFICADOR) values (PSER_SEQ_ROL_MENU.NEXTVAL, 1, 6, SYSDATE, 'MIGRACION');
Insert into PSER_TC_ROL_MENU (ID_ROL_MENU,ID_ROL_PULSSAR,ID_MENU_PAGINA,FC_CONTROL,CH_USUARIO_MODIFICADOR) values (PSER_SEQ_ROL_MENU.NEXTVAL, 1, 7, SYSDATE, 'MIGRACION');
Insert into PSER_TC_ROL_MENU (ID_ROL_MENU,ID_ROL_PULSSAR,ID_MENU_PAGINA,FC_CONTROL,CH_USUARIO_MODIFICADOR) values (PSER_SEQ_ROL_MENU.NEXTVAL, 1, 8, SYSDATE, 'MIGRACION');
Insert into PSER_TC_ROL_MENU (ID_ROL_MENU,ID_ROL_PULSSAR,ID_MENU_PAGINA,FC_CONTROL,CH_USUARIO_MODIFICADOR) values (PSER_SEQ_ROL_MENU.NEXTVAL, 1, 9, SYSDATE, 'MIGRACION');
Insert into PSER_TC_ROL_MENU (ID_ROL_MENU,ID_ROL_PULSSAR,ID_MENU_PAGINA,FC_CONTROL,CH_USUARIO_MODIFICADOR) values (PSER_SEQ_ROL_MENU.NEXTVAL, 1, 10, SYSDATE, 'MIGRACION');
Insert into PSER_TC_ROL_MENU (ID_ROL_MENU,ID_ROL_PULSSAR,ID_MENU_PAGINA,FC_CONTROL,CH_USUARIO_MODIFICADOR) values (PSER_SEQ_ROL_MENU.NEXTVAL, 3, 4, SYSDATE, 'MIGRACION');
Insert into PSER_TC_ROL_MENU (ID_ROL_MENU,ID_ROL_PULSSAR,ID_MENU_PAGINA,FC_CONTROL,CH_USUARIO_MODIFICADOR) values (PSER_SEQ_ROL_MENU.NEXTVAL, 3, 5, SYSDATE, 'MIGRACION');
Insert into PSER_TC_ROL_MENU (ID_ROL_MENU,ID_ROL_PULSSAR,ID_MENU_PAGINA,FC_CONTROL,CH_USUARIO_MODIFICADOR) values (PSER_SEQ_ROL_MENU.NEXTVAL, 3, 6, SYSDATE, 'MIGRACION');
Insert into PSER_TC_ROL_MENU (ID_ROL_MENU,ID_ROL_PULSSAR,ID_MENU_PAGINA,FC_CONTROL,CH_USUARIO_MODIFICADOR) values (PSER_SEQ_ROL_MENU.NEXTVAL, 3, 7, SYSDATE, 'MIGRACION');
Insert into PSER_TC_ROL_MENU (ID_ROL_MENU,ID_ROL_PULSSAR,ID_MENU_PAGINA,FC_CONTROL,CH_USUARIO_MODIFICADOR) values (PSER_SEQ_ROL_MENU.NEXTVAL, 3, 8, SYSDATE, 'MIGRACION');
Insert into PSER_TC_ROL_MENU (ID_ROL_MENU,ID_ROL_PULSSAR,ID_MENU_PAGINA,FC_CONTROL,CH_USUARIO_MODIFICADOR) values (PSER_SEQ_ROL_MENU.NEXTVAL, 3, 9, SYSDATE, 'MIGRACION');
Insert into PSER_TC_ROL_MENU (ID_ROL_MENU,ID_ROL_PULSSAR,ID_MENU_PAGINA,FC_CONTROL,CH_USUARIO_MODIFICADOR) values (PSER_SEQ_ROL_MENU.NEXTVAL, 3, 10, SYSDATE, 'MIGRACION');
Insert into PSER_TC_ROL_MENU (ID_ROL_MENU,ID_ROL_PULSSAR,ID_MENU_PAGINA,FC_CONTROL,CH_USUARIO_MODIFICADOR) values (PSER_SEQ_ROL_MENU.NEXTVAL, 6, 4, SYSDATE, 'MIGRACION');
Insert into PSER_TC_ROL_MENU (ID_ROL_MENU,ID_ROL_PULSSAR,ID_MENU_PAGINA,FC_CONTROL,CH_USUARIO_MODIFICADOR) values (PSER_SEQ_ROL_MENU.NEXTVAL, 6, 5, SYSDATE, 'MIGRACION');
Insert into PSER_TC_ROL_MENU (ID_ROL_MENU,ID_ROL_PULSSAR,ID_MENU_PAGINA,FC_CONTROL,CH_USUARIO_MODIFICADOR) values (PSER_SEQ_ROL_MENU.NEXTVAL, 6, 6, SYSDATE, 'MIGRACION');
Insert into PSER_TC_ROL_MENU (ID_ROL_MENU,ID_ROL_PULSSAR,ID_MENU_PAGINA,FC_CONTROL,CH_USUARIO_MODIFICADOR) values (PSER_SEQ_ROL_MENU.NEXTVAL, 6, 7, SYSDATE, 'MIGRACION');
Insert into PSER_TC_ROL_MENU (ID_ROL_MENU,ID_ROL_PULSSAR,ID_MENU_PAGINA,FC_CONTROL,CH_USUARIO_MODIFICADOR) values (PSER_SEQ_ROL_MENU.NEXTVAL, 6, 8, SYSDATE, 'MIGRACION');
Insert into PSER_TC_ROL_MENU (ID_ROL_MENU,ID_ROL_PULSSAR,ID_MENU_PAGINA,FC_CONTROL,CH_USUARIO_MODIFICADOR) values (PSER_SEQ_ROL_MENU.NEXTVAL, 6, 9, SYSDATE, 'MIGRACION');
Insert into PSER_TC_ROL_MENU (ID_ROL_MENU,ID_ROL_PULSSAR,ID_MENU_PAGINA,FC_CONTROL,CH_USUARIO_MODIFICADOR) values (PSER_SEQ_ROL_MENU.NEXTVAL, 6, 10, SYSDATE, 'MIGRACION');
Insert into PSER_TC_ROL_MENU (ID_ROL_MENU,ID_ROL_PULSSAR,ID_MENU_PAGINA,FC_CONTROL,CH_USUARIO_MODIFICADOR) values (PSER_SEQ_ROL_MENU.NEXTVAL, 9, 4, SYSDATE, 'MIGRACION');
Insert into PSER_TC_ROL_MENU (ID_ROL_MENU,ID_ROL_PULSSAR,ID_MENU_PAGINA,FC_CONTROL,CH_USUARIO_MODIFICADOR) values (PSER_SEQ_ROL_MENU.NEXTVAL, 9, 5, SYSDATE, 'MIGRACION');
Insert into PSER_TC_ROL_MENU (ID_ROL_MENU,ID_ROL_PULSSAR,ID_MENU_PAGINA,FC_CONTROL,CH_USUARIO_MODIFICADOR) values (PSER_SEQ_ROL_MENU.NEXTVAL, 9, 6, SYSDATE, 'MIGRACION');
Insert into PSER_TC_ROL_MENU (ID_ROL_MENU,ID_ROL_PULSSAR,ID_MENU_PAGINA,FC_CONTROL,CH_USUARIO_MODIFICADOR) values (PSER_SEQ_ROL_MENU.NEXTVAL, 9, 7, SYSDATE, 'MIGRACION');
Insert into PSER_TC_ROL_MENU (ID_ROL_MENU,ID_ROL_PULSSAR,ID_MENU_PAGINA,FC_CONTROL,CH_USUARIO_MODIFICADOR) values (PSER_SEQ_ROL_MENU.NEXTVAL, 9, 8, SYSDATE, 'MIGRACION');
Insert into PSER_TC_ROL_MENU (ID_ROL_MENU,ID_ROL_PULSSAR,ID_MENU_PAGINA,FC_CONTROL,CH_USUARIO_MODIFICADOR) values (PSER_SEQ_ROL_MENU.NEXTVAL, 9, 9, SYSDATE, 'MIGRACION');
Insert into PSER_TC_ROL_MENU (ID_ROL_MENU,ID_ROL_PULSSAR,ID_MENU_PAGINA,FC_CONTROL,CH_USUARIO_MODIFICADOR) values (PSER_SEQ_ROL_MENU.NEXTVAL, 9, 10, SYSDATE, 'MIGRACION');
Insert into PSER_TC_ROL_MENU (ID_ROL_MENU,ID_ROL_PULSSAR,ID_MENU_PAGINA,FC_CONTROL,CH_USUARIO_MODIFICADOR) values (PSER_SEQ_ROL_MENU.NEXTVAL, 12, 4, SYSDATE, 'MIGRACION');
Insert into PSER_TC_ROL_MENU (ID_ROL_MENU,ID_ROL_PULSSAR,ID_MENU_PAGINA,FC_CONTROL,CH_USUARIO_MODIFICADOR) values (PSER_SEQ_ROL_MENU.NEXTVAL, 12, 5, SYSDATE, 'MIGRACION');
Insert into PSER_TC_ROL_MENU (ID_ROL_MENU,ID_ROL_PULSSAR,ID_MENU_PAGINA,FC_CONTROL,CH_USUARIO_MODIFICADOR) values (PSER_SEQ_ROL_MENU.NEXTVAL, 12, 6, SYSDATE, 'MIGRACION');
Insert into PSER_TC_ROL_MENU (ID_ROL_MENU,ID_ROL_PULSSAR,ID_MENU_PAGINA,FC_CONTROL,CH_USUARIO_MODIFICADOR) values (PSER_SEQ_ROL_MENU.NEXTVAL, 12, 7, SYSDATE, 'MIGRACION');
Insert into PSER_TC_ROL_MENU (ID_ROL_MENU,ID_ROL_PULSSAR,ID_MENU_PAGINA,FC_CONTROL,CH_USUARIO_MODIFICADOR) values (PSER_SEQ_ROL_MENU.NEXTVAL, 12, 8, SYSDATE, 'MIGRACION');
Insert into PSER_TC_ROL_MENU (ID_ROL_MENU,ID_ROL_PULSSAR,ID_MENU_PAGINA,FC_CONTROL,CH_USUARIO_MODIFICADOR) values (PSER_SEQ_ROL_MENU.NEXTVAL, 12, 9, SYSDATE, 'MIGRACION');
Insert into PSER_TC_ROL_MENU (ID_ROL_MENU,ID_ROL_PULSSAR,ID_MENU_PAGINA,FC_CONTROL,CH_USUARIO_MODIFICADOR) values (PSER_SEQ_ROL_MENU.NEXTVAL, 12, 10, SYSDATE, 'MIGRACION');
Insert into PSER_TC_ROL_MENU (ID_ROL_MENU,ID_ROL_PULSSAR,ID_MENU_PAGINA,FC_CONTROL,CH_USUARIO_MODIFICADOR) values (PSER_SEQ_ROL_MENU.NEXTVAL, 15, 4, SYSDATE, 'MIGRACION');
Insert into PSER_TC_ROL_MENU (ID_ROL_MENU,ID_ROL_PULSSAR,ID_MENU_PAGINA,FC_CONTROL,CH_USUARIO_MODIFICADOR) values (PSER_SEQ_ROL_MENU.NEXTVAL, 15, 5, SYSDATE, 'MIGRACION');
Insert into PSER_TC_ROL_MENU (ID_ROL_MENU,ID_ROL_PULSSAR,ID_MENU_PAGINA,FC_CONTROL,CH_USUARIO_MODIFICADOR) values (PSER_SEQ_ROL_MENU.NEXTVAL, 15, 6, SYSDATE, 'MIGRACION');
Insert into PSER_TC_ROL_MENU (ID_ROL_MENU,ID_ROL_PULSSAR,ID_MENU_PAGINA,FC_CONTROL,CH_USUARIO_MODIFICADOR) values (PSER_SEQ_ROL_MENU.NEXTVAL, 15, 7, SYSDATE, 'MIGRACION');
Insert into PSER_TC_ROL_MENU (ID_ROL_MENU,ID_ROL_PULSSAR,ID_MENU_PAGINA,FC_CONTROL,CH_USUARIO_MODIFICADOR) values (PSER_SEQ_ROL_MENU.NEXTVAL, 15, 8, SYSDATE, 'MIGRACION');
Insert into PSER_TC_ROL_MENU (ID_ROL_MENU,ID_ROL_PULSSAR,ID_MENU_PAGINA,FC_CONTROL,CH_USUARIO_MODIFICADOR) values (PSER_SEQ_ROL_MENU.NEXTVAL, 15, 9, SYSDATE, 'MIGRACION');
Insert into PSER_TC_ROL_MENU (ID_ROL_MENU,ID_ROL_PULSSAR,ID_MENU_PAGINA,FC_CONTROL,CH_USUARIO_MODIFICADOR) values (PSER_SEQ_ROL_MENU.NEXTVAL, 15, 10, SYSDATE, 'MIGRACION');
Insert into PSER_TC_ROL_MENU (ID_ROL_MENU,ID_ROL_PULSSAR,ID_MENU_PAGINA,FC_CONTROL,CH_USUARIO_MODIFICADOR) values (PSER_SEQ_ROL_MENU.NEXTVAL, 19, 4, SYSDATE, 'MIGRACION');
Insert into PSER_TC_ROL_MENU (ID_ROL_MENU,ID_ROL_PULSSAR,ID_MENU_PAGINA,FC_CONTROL,CH_USUARIO_MODIFICADOR) values (PSER_SEQ_ROL_MENU.NEXTVAL, 19, 5, SYSDATE, 'MIGRACION');
Insert into PSER_TC_ROL_MENU (ID_ROL_MENU,ID_ROL_PULSSAR,ID_MENU_PAGINA,FC_CONTROL,CH_USUARIO_MODIFICADOR) values (PSER_SEQ_ROL_MENU.NEXTVAL, 19, 6, SYSDATE, 'MIGRACION');
Insert into PSER_TC_ROL_MENU (ID_ROL_MENU,ID_ROL_PULSSAR,ID_MENU_PAGINA,FC_CONTROL,CH_USUARIO_MODIFICADOR) values (PSER_SEQ_ROL_MENU.NEXTVAL, 19, 7, SYSDATE, 'MIGRACION');
Insert into PSER_TC_ROL_MENU (ID_ROL_MENU,ID_ROL_PULSSAR,ID_MENU_PAGINA,FC_CONTROL,CH_USUARIO_MODIFICADOR) values (PSER_SEQ_ROL_MENU.NEXTVAL, 19, 8, SYSDATE, 'MIGRACION');
Insert into PSER_TC_ROL_MENU (ID_ROL_MENU,ID_ROL_PULSSAR,ID_MENU_PAGINA,FC_CONTROL,CH_USUARIO_MODIFICADOR) values (PSER_SEQ_ROL_MENU.NEXTVAL, 19, 9, SYSDATE, 'MIGRACION');
Insert into PSER_TC_ROL_MENU (ID_ROL_MENU,ID_ROL_PULSSAR,ID_MENU_PAGINA,FC_CONTROL,CH_USUARIO_MODIFICADOR) values (PSER_SEQ_ROL_MENU.NEXTVAL, 19, 10, SYSDATE, 'MIGRACION');
Insert into PSER_TC_ROL_MENU (ID_ROL_MENU,ID_ROL_PULSSAR,ID_MENU_PAGINA,FC_CONTROL,CH_USUARIO_MODIFICADOR) values (PSER_SEQ_ROL_MENU.NEXTVAL, 22, 4, SYSDATE, 'MIGRACION');
Insert into PSER_TC_ROL_MENU (ID_ROL_MENU,ID_ROL_PULSSAR,ID_MENU_PAGINA,FC_CONTROL,CH_USUARIO_MODIFICADOR) values (PSER_SEQ_ROL_MENU.NEXTVAL, 22, 5, SYSDATE, 'MIGRACION');
Insert into PSER_TC_ROL_MENU (ID_ROL_MENU,ID_ROL_PULSSAR,ID_MENU_PAGINA,FC_CONTROL,CH_USUARIO_MODIFICADOR) values (PSER_SEQ_ROL_MENU.NEXTVAL, 22, 6, SYSDATE, 'MIGRACION');
Insert into PSER_TC_ROL_MENU (ID_ROL_MENU,ID_ROL_PULSSAR,ID_MENU_PAGINA,FC_CONTROL,CH_USUARIO_MODIFICADOR) values (PSER_SEQ_ROL_MENU.NEXTVAL, 22, 7, SYSDATE, 'MIGRACION');
Insert into PSER_TC_ROL_MENU (ID_ROL_MENU,ID_ROL_PULSSAR,ID_MENU_PAGINA,FC_CONTROL,CH_USUARIO_MODIFICADOR) values (PSER_SEQ_ROL_MENU.NEXTVAL, 22, 8, SYSDATE, 'MIGRACION');
Insert into PSER_TC_ROL_MENU (ID_ROL_MENU,ID_ROL_PULSSAR,ID_MENU_PAGINA,FC_CONTROL,CH_USUARIO_MODIFICADOR) values (PSER_SEQ_ROL_MENU.NEXTVAL, 22, 9, SYSDATE, 'MIGRACION');
Insert into PSER_TC_ROL_MENU (ID_ROL_MENU,ID_ROL_PULSSAR,ID_MENU_PAGINA,FC_CONTROL,CH_USUARIO_MODIFICADOR) values (PSER_SEQ_ROL_MENU.NEXTVAL, 22, 10, SYSDATE, 'MIGRACION');
Insert into PSER_TC_ROL_MENU (ID_ROL_MENU,ID_ROL_PULSSAR,ID_MENU_PAGINA,FC_CONTROL,CH_USUARIO_MODIFICADOR) values (PSER_SEQ_ROL_MENU.NEXTVAL, 25, 4, SYSDATE, 'MIGRACION');
Insert into PSER_TC_ROL_MENU (ID_ROL_MENU,ID_ROL_PULSSAR,ID_MENU_PAGINA,FC_CONTROL,CH_USUARIO_MODIFICADOR) values (PSER_SEQ_ROL_MENU.NEXTVAL, 25, 5, SYSDATE, 'MIGRACION');
Insert into PSER_TC_ROL_MENU (ID_ROL_MENU,ID_ROL_PULSSAR,ID_MENU_PAGINA,FC_CONTROL,CH_USUARIO_MODIFICADOR) values (PSER_SEQ_ROL_MENU.NEXTVAL, 25, 6, SYSDATE, 'MIGRACION');
Insert into PSER_TC_ROL_MENU (ID_ROL_MENU,ID_ROL_PULSSAR,ID_MENU_PAGINA,FC_CONTROL,CH_USUARIO_MODIFICADOR) values (PSER_SEQ_ROL_MENU.NEXTVAL, 25, 7, SYSDATE, 'MIGRACION');
Insert into PSER_TC_ROL_MENU (ID_ROL_MENU,ID_ROL_PULSSAR,ID_MENU_PAGINA,FC_CONTROL,CH_USUARIO_MODIFICADOR) values (PSER_SEQ_ROL_MENU.NEXTVAL, 25, 8, SYSDATE, 'MIGRACION');
Insert into PSER_TC_ROL_MENU (ID_ROL_MENU,ID_ROL_PULSSAR,ID_MENU_PAGINA,FC_CONTROL,CH_USUARIO_MODIFICADOR) values (PSER_SEQ_ROL_MENU.NEXTVAL, 25, 9, SYSDATE, 'MIGRACION');
Insert into PSER_TC_ROL_MENU (ID_ROL_MENU,ID_ROL_PULSSAR,ID_MENU_PAGINA,FC_CONTROL,CH_USUARIO_MODIFICADOR) values (PSER_SEQ_ROL_MENU.NEXTVAL, 25, 10, SYSDATE, 'MIGRACION');
Insert into PSER_TC_ROL_MENU (ID_ROL_MENU,ID_ROL_PULSSAR,ID_MENU_PAGINA,FC_CONTROL,CH_USUARIO_MODIFICADOR) values (PSER_SEQ_ROL_MENU.NEXTVAL, 28, 4, SYSDATE, 'MIGRACION');
Insert into PSER_TC_ROL_MENU (ID_ROL_MENU,ID_ROL_PULSSAR,ID_MENU_PAGINA,FC_CONTROL,CH_USUARIO_MODIFICADOR) values (PSER_SEQ_ROL_MENU.NEXTVAL, 28, 5, SYSDATE, 'MIGRACION');
Insert into PSER_TC_ROL_MENU (ID_ROL_MENU,ID_ROL_PULSSAR,ID_MENU_PAGINA,FC_CONTROL,CH_USUARIO_MODIFICADOR) values (PSER_SEQ_ROL_MENU.NEXTVAL, 28, 6, SYSDATE, 'MIGRACION');
Insert into PSER_TC_ROL_MENU (ID_ROL_MENU,ID_ROL_PULSSAR,ID_MENU_PAGINA,FC_CONTROL,CH_USUARIO_MODIFICADOR) values (PSER_SEQ_ROL_MENU.NEXTVAL, 28, 7, SYSDATE, 'MIGRACION');
Insert into PSER_TC_ROL_MENU (ID_ROL_MENU,ID_ROL_PULSSAR,ID_MENU_PAGINA,FC_CONTROL,CH_USUARIO_MODIFICADOR) values (PSER_SEQ_ROL_MENU.NEXTVAL, 28, 8, SYSDATE, 'MIGRACION');
Insert into PSER_TC_ROL_MENU (ID_ROL_MENU,ID_ROL_PULSSAR,ID_MENU_PAGINA,FC_CONTROL,CH_USUARIO_MODIFICADOR) values (PSER_SEQ_ROL_MENU.NEXTVAL, 28, 9, SYSDATE, 'MIGRACION');
Insert into PSER_TC_ROL_MENU (ID_ROL_MENU,ID_ROL_PULSSAR,ID_MENU_PAGINA,FC_CONTROL,CH_USUARIO_MODIFICADOR) values (PSER_SEQ_ROL_MENU.NEXTVAL, 28, 10, SYSDATE, 'MIGRACION');
Insert into PSER_TC_ROL_MENU (ID_ROL_MENU,ID_ROL_PULSSAR,ID_MENU_PAGINA,FC_CONTROL,CH_USUARIO_MODIFICADOR) values (PSER_SEQ_ROL_MENU.NEXTVAL, 31, 4, SYSDATE, 'MIGRACION');
Insert into PSER_TC_ROL_MENU (ID_ROL_MENU,ID_ROL_PULSSAR,ID_MENU_PAGINA,FC_CONTROL,CH_USUARIO_MODIFICADOR) values (PSER_SEQ_ROL_MENU.NEXTVAL, 31, 5, SYSDATE, 'MIGRACION');
Insert into PSER_TC_ROL_MENU (ID_ROL_MENU,ID_ROL_PULSSAR,ID_MENU_PAGINA,FC_CONTROL,CH_USUARIO_MODIFICADOR) values (PSER_SEQ_ROL_MENU.NEXTVAL, 31, 6, SYSDATE, 'MIGRACION');
Insert into PSER_TC_ROL_MENU (ID_ROL_MENU,ID_ROL_PULSSAR,ID_MENU_PAGINA,FC_CONTROL,CH_USUARIO_MODIFICADOR) values (PSER_SEQ_ROL_MENU.NEXTVAL, 31, 7, SYSDATE, 'MIGRACION');
Insert into PSER_TC_ROL_MENU (ID_ROL_MENU,ID_ROL_PULSSAR,ID_MENU_PAGINA,FC_CONTROL,CH_USUARIO_MODIFICADOR) values (PSER_SEQ_ROL_MENU.NEXTVAL, 31, 8, SYSDATE, 'MIGRACION');
Insert into PSER_TC_ROL_MENU (ID_ROL_MENU,ID_ROL_PULSSAR,ID_MENU_PAGINA,FC_CONTROL,CH_USUARIO_MODIFICADOR) values (PSER_SEQ_ROL_MENU.NEXTVAL, 31, 9, SYSDATE, 'MIGRACION');
Insert into PSER_TC_ROL_MENU (ID_ROL_MENU,ID_ROL_PULSSAR,ID_MENU_PAGINA,FC_CONTROL,CH_USUARIO_MODIFICADOR) values (PSER_SEQ_ROL_MENU.NEXTVAL, 31, 10, SYSDATE, 'MIGRACION');
Insert into PSER_TC_ROL_MENU (ID_ROL_MENU,ID_ROL_PULSSAR,ID_MENU_PAGINA,FC_CONTROL,CH_USUARIO_MODIFICADOR) values (PSER_SEQ_ROL_MENU.NEXTVAL, 5, 2, SYSDATE, 'MIGRACION');
Insert into PSER_TC_ROL_MENU (ID_ROL_MENU,ID_ROL_PULSSAR,ID_MENU_PAGINA,FC_CONTROL,CH_USUARIO_MODIFICADOR) values (PSER_SEQ_ROL_MENU.NEXTVAL, 8, 2, SYSDATE, 'MIGRACION');
Insert into PSER_TC_ROL_MENU (ID_ROL_MENU,ID_ROL_PULSSAR,ID_MENU_PAGINA,FC_CONTROL,CH_USUARIO_MODIFICADOR) values (PSER_SEQ_ROL_MENU.NEXTVAL, 11, 2, SYSDATE, 'MIGRACION');
Insert into PSER_TC_ROL_MENU (ID_ROL_MENU,ID_ROL_PULSSAR,ID_MENU_PAGINA,FC_CONTROL,CH_USUARIO_MODIFICADOR) values (PSER_SEQ_ROL_MENU.NEXTVAL, 14, 2, SYSDATE, 'MIGRACION');
Insert into PSER_TC_ROL_MENU (ID_ROL_MENU,ID_ROL_PULSSAR,ID_MENU_PAGINA,FC_CONTROL,CH_USUARIO_MODIFICADOR) values (PSER_SEQ_ROL_MENU.NEXTVAL, 21, 2, SYSDATE, 'MIGRACION');
Insert into PSER_TC_ROL_MENU (ID_ROL_MENU,ID_ROL_PULSSAR,ID_MENU_PAGINA,FC_CONTROL,CH_USUARIO_MODIFICADOR) values (PSER_SEQ_ROL_MENU.NEXTVAL, 24, 2, SYSDATE, 'MIGRACION');
Insert into PSER_TC_ROL_MENU (ID_ROL_MENU,ID_ROL_PULSSAR,ID_MENU_PAGINA,FC_CONTROL,CH_USUARIO_MODIFICADOR) values (PSER_SEQ_ROL_MENU.NEXTVAL, 27, 2, SYSDATE, 'MIGRACION');
Insert into PSER_TC_ROL_MENU (ID_ROL_MENU,ID_ROL_PULSSAR,ID_MENU_PAGINA,FC_CONTROL,CH_USUARIO_MODIFICADOR) values (PSER_SEQ_ROL_MENU.NEXTVAL, 30, 2, SYSDATE, 'MIGRACION');
Insert into PSER_TC_ROL_MENU (ID_ROL_MENU,ID_ROL_PULSSAR,ID_MENU_PAGINA,FC_CONTROL,CH_USUARIO_MODIFICADOR) values (PSER_SEQ_ROL_MENU.NEXTVAL, 33, 2, SYSDATE, 'MIGRACION');
Insert into PSER_TC_ROL_MENU (ID_ROL_MENU,ID_ROL_PULSSAR,ID_MENU_PAGINA,FC_CONTROL,CH_USUARIO_MODIFICADOR) values (PSER_SEQ_ROL_MENU.NEXTVAL, 16, 3, SYSDATE, 'MIGRACION');
Insert into PSER_TC_ROL_MENU (ID_ROL_MENU,ID_ROL_PULSSAR,ID_MENU_PAGINA,FC_CONTROL,CH_USUARIO_MODIFICADOR) values (PSER_SEQ_ROL_MENU.NEXTVAL, 17, 3, SYSDATE, 'MIGRACION');
Insert into PSER_TC_ROL_MENU (ID_ROL_MENU,ID_ROL_PULSSAR,ID_MENU_PAGINA,FC_CONTROL,CH_USUARIO_MODIFICADOR) values (PSER_SEQ_ROL_MENU.NEXTVAL, 18, 3, SYSDATE, 'MIGRACION');
Insert into PSER_TC_ROL_MENU (ID_ROL_MENU,ID_ROL_PULSSAR,ID_MENU_PAGINA,FC_CONTROL,CH_USUARIO_MODIFICADOR) values (PSER_SEQ_ROL_MENU.NEXTVAL, 16, 11, SYSDATE, 'MIGRACION');
Insert into PSER_TC_ROL_MENU (ID_ROL_MENU,ID_ROL_PULSSAR,ID_MENU_PAGINA,FC_CONTROL,CH_USUARIO_MODIFICADOR) values (PSER_SEQ_ROL_MENU.NEXTVAL, 16, 13, SYSDATE, 'MIGRACION');
Insert into PSER_TC_ROL_MENU (ID_ROL_MENU,ID_ROL_PULSSAR,ID_MENU_PAGINA,FC_CONTROL,CH_USUARIO_MODIFICADOR) values (PSER_SEQ_ROL_MENU.NEXTVAL, 16, 14, SYSDATE, 'MIGRACION');
Insert into PSER_TC_ROL_MENU (ID_ROL_MENU,ID_ROL_PULSSAR,ID_MENU_PAGINA,FC_CONTROL,CH_USUARIO_MODIFICADOR) values (PSER_SEQ_ROL_MENU.NEXTVAL, 16, 15, SYSDATE, 'MIGRACION');
Insert into PSER_TC_ROL_MENU (ID_ROL_MENU,ID_ROL_PULSSAR,ID_MENU_PAGINA,FC_CONTROL,CH_USUARIO_MODIFICADOR) values (PSER_SEQ_ROL_MENU.NEXTVAL, 16, 16, SYSDATE, 'MIGRACION');
Insert into PSER_TC_ROL_MENU (ID_ROL_MENU,ID_ROL_PULSSAR,ID_MENU_PAGINA,FC_CONTROL,CH_USUARIO_MODIFICADOR) values (PSER_SEQ_ROL_MENU.NEXTVAL, 17, 12, SYSDATE, 'MIGRACION');
Insert into PSER_TC_ROL_MENU (ID_ROL_MENU,ID_ROL_PULSSAR,ID_MENU_PAGINA,FC_CONTROL,CH_USUARIO_MODIFICADOR) values (PSER_SEQ_ROL_MENU.NEXTVAL, 17, 13, SYSDATE, 'MIGRACION');
Insert into PSER_TC_ROL_MENU (ID_ROL_MENU,ID_ROL_PULSSAR,ID_MENU_PAGINA,FC_CONTROL,CH_USUARIO_MODIFICADOR) values (PSER_SEQ_ROL_MENU.NEXTVAL, 17, 16, SYSDATE, 'MIGRACION');
Insert into PSER_TC_ROL_MENU (ID_ROL_MENU,ID_ROL_PULSSAR,ID_MENU_PAGINA,FC_CONTROL,CH_USUARIO_MODIFICADOR) values (PSER_SEQ_ROL_MENU.NEXTVAL, 18, 14, SYSDATE, 'MIGRACION');
Insert into PSER_TC_ROL_MENU (ID_ROL_MENU,ID_ROL_PULSSAR,ID_MENU_PAGINA,FC_CONTROL,CH_USUARIO_MODIFICADOR) values (PSER_SEQ_ROL_MENU.NEXTVAL, 18, 15, SYSDATE, 'MIGRACION');
Insert into PSER_TC_ROL_MENU (ID_ROL_MENU,ID_ROL_PULSSAR,ID_MENU_PAGINA,FC_CONTROL,CH_USUARIO_MODIFICADOR) values (PSER_SEQ_ROL_MENU.NEXTVAL, 18, 16, SYSDATE, 'MIGRACION');

--PSER_TR_NICK_PULSSAR
DELETE FROM PSER_TR_NICK_PULSSAR;
INSERT INTO PSER_TR_NICK_PULSSAR (ID_USUARIO_PULSSAR,CH_NICK_USUARIO,NU_ESTATUS,FC_CONTROL,CH_USUARIO_MODIFICADOR) VALUES (1,'102102',1,parsedatetime('24-04-19','dd-MM-yyyy'),'prueba');
INSERT INTO PSER_TR_NICK_PULSSAR (ID_USUARIO_PULSSAR,CH_NICK_USUARIO,NU_ESTATUS,FC_CONTROL,CH_USUARIO_MODIFICADOR) VALUES (2,'102103',1,parsedatetime('24-04-19','dd-MM-yyyy'),'prueba');
INSERT INTO PSER_TR_NICK_PULSSAR (ID_USUARIO_PULSSAR,CH_NICK_USUARIO,NU_ESTATUS,FC_CONTROL,CH_USUARIO_MODIFICADOR) VALUES (5,'102104',1,parsedatetime('24-04-19','dd-MM-yyyy'),'prueba');
INSERT INTO PSER_TR_NICK_PULSSAR (ID_USUARIO_PULSSAR,CH_NICK_USUARIO,NU_ESTATUS,FC_CONTROL,CH_USUARIO_MODIFICADOR) VALUES (11,'102105',1,parsedatetime('24-04-19','dd-MM-yyyy'),'prueba');
INSERT INTO PSER_TR_NICK_PULSSAR (ID_USUARIO_PULSSAR,CH_NICK_USUARIO,NU_ESTATUS,FC_CONTROL,CH_USUARIO_MODIFICADOR) VALUES (12,'102106',1,parsedatetime('24-04-19','dd-MM-yyyy'),'prueba');
INSERT INTO PSER_TR_NICK_PULSSAR (ID_USUARIO_PULSSAR,CH_NICK_USUARIO,NU_ESTATUS,FC_CONTROL,CH_USUARIO_MODIFICADOR) VALUES (53,'1021067',1,parsedatetime('24-04-19','dd-MM-yyyy'),'prueba');
INSERT INTO PSER_TR_NICK_PULSSAR (ID_USUARIO_PULSSAR,CH_NICK_USUARIO,NU_ESTATUS,FC_CONTROL,CH_USUARIO_MODIFICADOR) VALUES (34,'9674936',1,parsedatetime('24-04-19','dd-MM-yyyy'),'prueba');

DELETE FROM PSER_TR_CORREO_CORP_PULSSAR;
INSERT INTO PSER_TR_CORREO_CORP_PULSSAR (CV_ORGANIZACION, CH_EMAIL_CORP, NU_ESTATUS, FC_CONTROL, CH_USUARIO_MODIFICADOR) VALUES ('556', '@GMAIL.COM', '1', parsedatetime('29-04-19', 'dd-MM-yyyy'), 'prueba');
INSERT INTO PSER_TR_CORREO_CORP_PULSSAR (CV_ORGANIZACION, CH_EMAIL_CORP, NU_ESTATUS, FC_CONTROL, CH_USUARIO_MODIFICADOR) VALUES ('999', '@GMAIL.COM', '1', parsedatetime('29-04-19', 'dd-MM-yyyy'), 'prueba');

--Rechazo--
DELETE FROM PSER_TC_RECHAZO_PULSSAR;
Insert into PSER_TC_RECHAZO_PULSSAR (ID_RECHAZO_PULSSAR,CV_RECHAZO_PULSSAR,CV_ORGANIZACION,CH_TITULO_MENSAJE,CH_MENSAJE,NU_ESTATUS,FC_CONTROL,CH_USUARIO_MODIFICADOR) values (607,'G018','999','Usuario Bloqueado','El usuario se encuentra bloqueado, favor de contactar a tu Administrador de Afore.',1,SYSDATE,'MIGRACION');
Insert into PSER_TC_RECHAZO_PULSSAR (ID_RECHAZO_PULSSAR,CV_RECHAZO_PULSSAR,CV_ORGANIZACION,CH_TITULO_MENSAJE,CH_MENSAJE,NU_ESTATUS,FC_CONTROL,CH_USUARIO_MODIFICADOR) values (621,'G019','999','Solicitud no procesada','Favor de capturar el usuario para cotinuar el proceso.',1,SYSDATE,'MIGRACION');
Insert into PSER_TC_RECHAZO_PULSSAR (ID_RECHAZO_PULSSAR,CV_RECHAZO_PULSSAR,CV_ORGANIZACION,CH_TITULO_MENSAJE,CH_MENSAJE,NU_ESTATUS,FC_CONTROL,CH_USUARIO_MODIFICADOR) values (622,'G021','999','Solicitud no procesada','No cuenta con un codigo vigente, solicite uno nuevo con su adminsitrador de afore.',1,SYSDATE,'MIGRACION');
Insert into PSER_TC_RECHAZO_PULSSAR (ID_RECHAZO_PULSSAR,CV_RECHAZO_PULSSAR,CV_ORGANIZACION,CH_TITULO_MENSAJE,CH_MENSAJE,NU_ESTATUS,FC_CONTROL,CH_USUARIO_MODIFICADOR) values (623,'G022','999','Solicitud no procesada','No cuenta con un codigo vigente, realice nuevamente el proceso de recuperacion de password.',1,SYSDATE,'MIGRACION');
Insert into PSER_TC_RECHAZO_PULSSAR (ID_RECHAZO_PULSSAR,CV_RECHAZO_PULSSAR,CV_ORGANIZACION,CH_TITULO_MENSAJE,CH_MENSAJE,NU_ESTATUS,FC_CONTROL,CH_USUARIO_MODIFICADOR) values (624,'OK11','999','Desbloqueo exitoso','Se realizo el desbloqueo de usuarios exitosamente.',1,SYSDATE,'MIGRACION');
Insert into PSER_TC_RECHAZO_PULSSAR (ID_RECHAZO_PULSSAR,CV_RECHAZO_PULSSAR,CV_ORGANIZACION,CH_TITULO_MENSAJE,CH_MENSAJE,NU_ESTATUS,FC_CONTROL,CH_USUARIO_MODIFICADOR) values (625,'OK12','999','Reenvio correcto','Se realizo el reenvio de credenciales a {datos} usuario(s) exitosamente.',1,SYSDATE,'MIGRACION');
Insert into PSER_TC_RECHAZO_PULSSAR (ID_RECHAZO_PULSSAR,CV_RECHAZO_PULSSAR,CV_ORGANIZACION,CH_TITULO_MENSAJE,CH_MENSAJE,NU_ESTATUS,FC_CONTROL,CH_USUARIO_MODIFICADOR) values (626,'OK13','999','Código reenviado correctamente','Se realizó el reenvío del código vigente exitosamente.',1,SYSDATE,'MIGRACION');
Insert into PSER_TC_RECHAZO_PULSSAR (ID_RECHAZO_PULSSAR,CV_RECHAZO_PULSSAR,CV_ORGANIZACION,CH_TITULO_MENSAJE,CH_MENSAJE,NU_ESTATUS,FC_CONTROL,CH_USUARIO_MODIFICADOR) values (627,'G024','999','Solicitud no procesada','Favor de cargar solo tipos de archivos aceptados para continuar el proceso.',1,SYSDATE,'MIGRACION');
Insert into PSER_TC_RECHAZO_PULSSAR (ID_RECHAZO_PULSSAR,CV_RECHAZO_PULSSAR,CV_ORGANIZACION,CH_TITULO_MENSAJE,CH_MENSAJE,NU_ESTATUS,FC_CONTROL,CH_USUARIO_MODIFICADOR) values (628,'G025','999','Solicitud no procesada','Favor de cargar archivos del tamaño aceptado.',1,SYSDATE,'MIGRACION');
Insert into PSER_TC_RECHAZO_PULSSAR (ID_RECHAZO_PULSSAR,CV_RECHAZO_PULSSAR,CV_ORGANIZACION,CH_TITULO_MENSAJE,CH_MENSAJE,NU_ESTATUS,FC_CONTROL,CH_USUARIO_MODIFICADOR) values (642,'G016','999','Acceso incorrecto','El usuario o contraseña no son correctos, favor de intentar nuevamente.',1,SYSDATE,'MIGRACION');
Insert into PSER_TC_RECHAZO_PULSSAR (ID_RECHAZO_PULSSAR,CV_RECHAZO_PULSSAR,CV_ORGANIZACION,CH_TITULO_MENSAJE,CH_MENSAJE,NU_ESTATUS,FC_CONTROL,CH_USUARIO_MODIFICADOR) values (643,'G017','999','Usuario Bloqueado','El usuario se encuentra bloqueado temporalmente, espera {tiempo} minuto(s).',1,SYSDATE,'MIGRACION');
Insert into PSER_TC_RECHAZO_PULSSAR (ID_RECHAZO_PULSSAR,CV_RECHAZO_PULSSAR,CV_ORGANIZACION,CH_TITULO_MENSAJE,CH_MENSAJE,NU_ESTATUS,FC_CONTROL,CH_USUARIO_MODIFICADOR) values (658,'H001','999','Verificación de Empleado','Antes de continuar favor de verificarse como empleado en el portal.',1,SYSDATE,'MIGRACION');
Insert into PSER_TC_RECHAZO_PULSSAR (ID_RECHAZO_PULSSAR,CV_RECHAZO_PULSSAR,CV_ORGANIZACION,CH_TITULO_MENSAJE,CH_MENSAJE,NU_ESTATUS,FC_CONTROL,CH_USUARIO_MODIFICADOR) values (745,'E004','999','Diferencias con RENAPO','El trabajador tiene diferencias en Renapo, favor de realizar una Modificación de Datos.',1,SYSDATE,'MIGRACION');
Insert into PSER_TC_RECHAZO_PULSSAR (ID_RECHAZO_PULSSAR,CV_RECHAZO_PULSSAR,CV_ORGANIZACION,CH_TITULO_MENSAJE,CH_MENSAJE,NU_ESTATUS,FC_CONTROL,CH_USUARIO_MODIFICADOR) values (651,'E002','999','Solicitud no Aceptada','El usuario ya cuenta con un enrolamiento.',1,SYSDATE,'MIGRACION');
Insert into PSER_TC_RECHAZO_PULSSAR (ID_RECHAZO_PULSSAR,CV_RECHAZO_PULSSAR,CV_ORGANIZACION,CH_TITULO_MENSAJE,CH_MENSAJE,NU_ESTATUS,FC_CONTROL,CH_USUARIO_MODIFICADOR) values (746,'E005','999','Datos Incompletos','El trabajador no cuenta con datos complementarios para continuar con el proceso, favor de realizar una Modificación de Datos.',1,SYSDATE,'MIGRACION');
Insert into PSER_TC_RECHAZO_PULSSAR (ID_RECHAZO_PULSSAR,CV_RECHAZO_PULSSAR,CV_ORGANIZACION,CH_TITULO_MENSAJE,CH_MENSAJE,NU_ESTATUS,FC_CONTROL,CH_USUARIO_MODIFICADOR) values (648,'E001','999','Acuse no firmado','Para continuar el proceso, el agente de servicio debe firmar el siguiente documento:',1,SYSDATE,'MIGRACION');
Insert into PSER_TC_RECHAZO_PULSSAR (ID_RECHAZO_PULSSAR,CV_RECHAZO_PULSSAR,CV_ORGANIZACION,CH_TITULO_MENSAJE,CH_MENSAJE,NU_ESTATUS,FC_CONTROL,CH_USUARIO_MODIFICADOR) values (747,'E006','999','Confirmación de Datos','¿Está seguro de continuar con la conformación de expediente con los datos actuales del trabajador?',1,SYSDATE,'MIGRACION');
Insert into PSER_TC_RECHAZO_PULSSAR (ID_RECHAZO_PULSSAR,CV_RECHAZO_PULSSAR,CV_ORGANIZACION,CH_TITULO_MENSAJE,CH_MENSAJE,NU_ESTATUS,FC_CONTROL,CH_USUARIO_MODIFICADOR) values (447,'A05','999','Tu solicitud no fue aceptada','Existen diferencias en el nombre del agente.',1,SYSDATE,'MIGRACION');
Insert into PSER_TC_RECHAZO_PULSSAR (ID_RECHAZO_PULSSAR,CV_RECHAZO_PULSSAR,CV_ORGANIZACION,CH_TITULO_MENSAJE,CH_MENSAJE,NU_ESTATUS,FC_CONTROL,CH_USUARIO_MODIFICADOR) values (443,'A01','999','Tu solicitud no fue aceptada','La CURP del Agente no se encuentra registrada.',1,SYSDATE,'MIGRACION');
Insert into PSER_TC_RECHAZO_PULSSAR (ID_RECHAZO_PULSSAR,CV_RECHAZO_PULSSAR,CV_ORGANIZACION,CH_TITULO_MENSAJE,CH_MENSAJE,NU_ESTATUS,FC_CONTROL,CH_USUARIO_MODIFICADOR) values (444,'A02','999','Tu solicitud no fue aceptada','La Clave del Agente no se encuentra registrada.',1,SYSDATE,'MIGRACION');
Insert into PSER_TC_RECHAZO_PULSSAR (ID_RECHAZO_PULSSAR,CV_RECHAZO_PULSSAR,CV_ORGANIZACION,CH_TITULO_MENSAJE,CH_MENSAJE,NU_ESTATUS,FC_CONTROL,CH_USUARIO_MODIFICADOR) values (445,'A03','999','Tu solicitud no fue aceptada','La CURP del agente presenta diferencias con lo registrado.',1,SYSDATE,'MIGRACION');
Insert into PSER_TC_RECHAZO_PULSSAR (ID_RECHAZO_PULSSAR,CV_RECHAZO_PULSSAR,CV_ORGANIZACION,CH_TITULO_MENSAJE,CH_MENSAJE,NU_ESTATUS,FC_CONTROL,CH_USUARIO_MODIFICADOR) values (446,'A04','999','Tu solicitud no fue aceptada','El agente no se encuentra en un estatus válido para continuar.',1,SYSDATE,'MIGRACION');
Insert into PSER_TC_RECHAZO_PULSSAR (ID_RECHAZO_PULSSAR,CV_RECHAZO_PULSSAR,CV_ORGANIZACION,CH_TITULO_MENSAJE,CH_MENSAJE,NU_ESTATUS,FC_CONTROL,CH_USUARIO_MODIFICADOR) values (448,'A06','999','Tu solicitud no fue aceptada','El usuario que intenta registrar ya existe.',1,SYSDATE,'MIGRACION');
Insert into PSER_TC_RECHAZO_PULSSAR (ID_RECHAZO_PULSSAR,CV_RECHAZO_PULSSAR,CV_ORGANIZACION,CH_TITULO_MENSAJE,CH_MENSAJE,NU_ESTATUS,FC_CONTROL,CH_USUARIO_MODIFICADOR) values (449,'A07','999','Tu solicitud no fue aceptada','El correo que intenta registrar ya existe.',1,SYSDATE,'MIGRACION');
Insert into PSER_TC_RECHAZO_PULSSAR (ID_RECHAZO_PULSSAR,CV_RECHAZO_PULSSAR,CV_ORGANIZACION,CH_TITULO_MENSAJE,CH_MENSAJE,NU_ESTATUS,FC_CONTROL,CH_USUARIO_MODIFICADOR) values (450,'A08','999','Tu solicitud no fue aceptada','El celular que intenta registrar ya existe.',1,SYSDATE,'MIGRACION');
Insert into PSER_TC_RECHAZO_PULSSAR (ID_RECHAZO_PULSSAR,CV_RECHAZO_PULSSAR,CV_ORGANIZACION,CH_TITULO_MENSAJE,CH_MENSAJE,NU_ESTATUS,FC_CONTROL,CH_USUARIO_MODIFICADOR) values (451,'A09','999','Tu solicitud no fue aceptada','El agente no se encuentra en un estatus válido para ',1,SYSDATE,'MIGRACION');
Insert into PSER_TC_RECHAZO_PULSSAR (ID_RECHAZO_PULSSAR,CV_RECHAZO_PULSSAR,CV_ORGANIZACION,CH_TITULO_MENSAJE,CH_MENSAJE,NU_ESTATUS,FC_CONTROL,CH_USUARIO_MODIFICADOR) values (452,'A10','999','Tu solicitud no fue aceptada','El password es incorrecto.',1,SYSDATE,'MIGRACION');
Insert into PSER_TC_RECHAZO_PULSSAR (ID_RECHAZO_PULSSAR,CV_RECHAZO_PULSSAR,CV_ORGANIZACION,CH_TITULO_MENSAJE,CH_MENSAJE,NU_ESTATUS,FC_CONTROL,CH_USUARIO_MODIFICADOR) values (453,'A11','999','Tu solicitud no fue aceptada','El usuario no existe.',1,SYSDATE,'MIGRACION');
Insert into PSER_TC_RECHAZO_PULSSAR (ID_RECHAZO_PULSSAR,CV_RECHAZO_PULSSAR,CV_ORGANIZACION,CH_TITULO_MENSAJE,CH_MENSAJE,NU_ESTATUS,FC_CONTROL,CH_USUARIO_MODIFICADOR) values (454,'A12','999','Tu solicitud no fue aceptada','El correo corporativo es invalido.',1,SYSDATE,'MIGRACION');
Insert into PSER_TC_RECHAZO_PULSSAR (ID_RECHAZO_PULSSAR,CV_RECHAZO_PULSSAR,CV_ORGANIZACION,CH_TITULO_MENSAJE,CH_MENSAJE,NU_ESTATUS,FC_CONTROL,CH_USUARIO_MODIFICADOR) values (455,'A13','999','Tu solicitud no fue aceptada','La estructura del correo electronico es incorrecta.',1,SYSDATE,'MIGRACION');
Insert into PSER_TC_RECHAZO_PULSSAR (ID_RECHAZO_PULSSAR,CV_RECHAZO_PULSSAR,CV_ORGANIZACION,CH_TITULO_MENSAJE,CH_MENSAJE,NU_ESTATUS,FC_CONTROL,CH_USUARIO_MODIFICADOR) values (456,'A14','999','Tu solicitud no fue aceptada','El correo electronico es distinto al que se encuentr',1,SYSDATE,'MIGRACION');
Insert into PSER_TC_RECHAZO_PULSSAR (ID_RECHAZO_PULSSAR,CV_RECHAZO_PULSSAR,CV_ORGANIZACION,CH_TITULO_MENSAJE,CH_MENSAJE,NU_ESTATUS,FC_CONTROL,CH_USUARIO_MODIFICADOR) values (457,'A15','999','Tu solicitud no fue aceptada','El telefono es distinto al que se encuentra registra',1,SYSDATE,'MIGRACION');
Insert into PSER_TC_RECHAZO_PULSSAR (ID_RECHAZO_PULSSAR,CV_RECHAZO_PULSSAR,CV_ORGANIZACION,CH_TITULO_MENSAJE,CH_MENSAJE,NU_ESTATUS,FC_CONTROL,CH_USUARIO_MODIFICADOR) values (458,'A16','999','Tu solicitud no fue aceptada','La fecha del codigo se encuentra vigente.',1,SYSDATE,'MIGRACION');
Insert into PSER_TC_RECHAZO_PULSSAR (ID_RECHAZO_PULSSAR,CV_RECHAZO_PULSSAR,CV_ORGANIZACION,CH_TITULO_MENSAJE,CH_MENSAJE,NU_ESTATUS,FC_CONTROL,CH_USUARIO_MODIFICADOR) values (459,'A17','999','Tu solicitud no fue aceptada','El codigo que intenta utilizar se encuentra usado.',1,SYSDATE,'MIGRACION');
Insert into PSER_TC_RECHAZO_PULSSAR (ID_RECHAZO_PULSSAR,CV_RECHAZO_PULSSAR,CV_ORGANIZACION,CH_TITULO_MENSAJE,CH_MENSAJE,NU_ESTATUS,FC_CONTROL,CH_USUARIO_MODIFICADOR) values (460,'A18','999','Tu solicitud no fue aceptada','El codigo que intenta utilizar se encuentra vencido.',1,SYSDATE,'MIGRACION');
Insert into PSER_TC_RECHAZO_PULSSAR (ID_RECHAZO_PULSSAR,CV_RECHAZO_PULSSAR,CV_ORGANIZACION,CH_TITULO_MENSAJE,CH_MENSAJE,NU_ESTATUS,FC_CONTROL,CH_USUARIO_MODIFICADOR) values (461,'A19','999','Tu solicitud no fue aceptada','El codigo que intenta utilizar se encuentra bloquedo.',1,SYSDATE,'MIGRACION');
Insert into PSER_TC_RECHAZO_PULSSAR (ID_RECHAZO_PULSSAR,CV_RECHAZO_PULSSAR,CV_ORGANIZACION,CH_TITULO_MENSAJE,CH_MENSAJE,NU_ESTATUS,FC_CONTROL,CH_USUARIO_MODIFICADOR) values (462,'A20','999','Tu solicitud no fue aceptada','Existe inconsistencia en los datos, favor de intentar nuevamente.',1,SYSDATE,'MIGRACION');
Insert into PSER_TC_RECHAZO_PULSSAR (ID_RECHAZO_PULSSAR,CV_RECHAZO_PULSSAR,CV_ORGANIZACION,CH_TITULO_MENSAJE,CH_MENSAJE,NU_ESTATUS,FC_CONTROL,CH_USUARIO_MODIFICADOR) values (463,'A21','999','Error al buscar agente','El agente que solicito no exite',1,SYSDATE,'MIGRACION');
Insert into PSER_TC_RECHAZO_PULSSAR (ID_RECHAZO_PULSSAR,CV_RECHAZO_PULSSAR,CV_ORGANIZACION,CH_TITULO_MENSAJE,CH_MENSAJE,NU_ESTATUS,FC_CONTROL,CH_USUARIO_MODIFICADOR) values (464,'G001','999','Tu solicitud no fue aceptada','Por el momento no es posible validar tu solicitud. Por favor, inténtalo más tarde.',1,SYSDATE,'MIGRACION');
Insert into PSER_TC_RECHAZO_PULSSAR (ID_RECHAZO_PULSSAR,CV_RECHAZO_PULSSAR,CV_ORGANIZACION,CH_TITULO_MENSAJE,CH_MENSAJE,NU_ESTATUS,FC_CONTROL,CH_USUARIO_MODIFICADOR) values (465,'G002','999','Tu solicitud no fue aceptada','Los campos requeridos son obligatorios, favor de capturarlos.',1,SYSDATE,'MIGRACION');
Insert into PSER_TC_RECHAZO_PULSSAR (ID_RECHAZO_PULSSAR,CV_RECHAZO_PULSSAR,CV_ORGANIZACION,CH_TITULO_MENSAJE,CH_MENSAJE,NU_ESTATUS,FC_CONTROL,CH_USUARIO_MODIFICADOR) values (466,'G003','999','Tu solicitud no fue aceptada','La estructura de la CURP es inválida, favor de verificar.',1,SYSDATE,'MIGRACION');
Insert into PSER_TC_RECHAZO_PULSSAR (ID_RECHAZO_PULSSAR,CV_RECHAZO_PULSSAR,CV_ORGANIZACION,CH_TITULO_MENSAJE,CH_MENSAJE,NU_ESTATUS,FC_CONTROL,CH_USUARIO_MODIFICADOR) values (467,'G004','999','Tu solicitud no fue aceptada','El NAP capturado no es válido, favor de verificar.',1,SYSDATE,'MIGRACION');
Insert into PSER_TC_RECHAZO_PULSSAR (ID_RECHAZO_PULSSAR,CV_RECHAZO_PULSSAR,CV_ORGANIZACION,CH_TITULO_MENSAJE,CH_MENSAJE,NU_ESTATUS,FC_CONTROL,CH_USUARIO_MODIFICADOR) values (468,'G005','999','Tu solicitud no fue aceptada','El agente que intenta buscar buscar no es valido',1,SYSDATE,'MIGRACION');
Insert into PSER_TC_RECHAZO_PULSSAR (ID_RECHAZO_PULSSAR,CV_RECHAZO_PULSSAR,CV_ORGANIZACION,CH_TITULO_MENSAJE,CH_MENSAJE,NU_ESTATUS,FC_CONTROL,CH_USUARIO_MODIFICADOR) values (646,'G026','999','Huellas no capturadas','La captura de las huellas fue cancelada, favor de intentarlo nuevamente.',1,SYSDATE,'MIGRACION');
Insert into PSER_TC_RECHAZO_PULSSAR (ID_RECHAZO_PULSSAR,CV_RECHAZO_PULSSAR,CV_ORGANIZACION,CH_TITULO_MENSAJE,CH_MENSAJE,NU_ESTATUS,FC_CONTROL,CH_USUARIO_MODIFICADOR) values (647,'OK15','999','Solicitud Exitosa','El envío de tus huellas se realizó de forma exitosa.',1,SYSDATE,'MIGRACION');
Insert into PSER_TC_RECHAZO_PULSSAR (ID_RECHAZO_PULSSAR,CV_RECHAZO_PULSSAR,CV_ORGANIZACION,CH_TITULO_MENSAJE,CH_MENSAJE,NU_ESTATUS,FC_CONTROL,CH_USUARIO_MODIFICADOR) values (619,'OK14','999','Solicitud Exitosa','El envío de tu expediente se realizó de forma exitosa.',1,SYSDATE,'MIGRACION');
Insert into PSER_TC_RECHAZO_PULSSAR (ID_RECHAZO_PULSSAR,CV_RECHAZO_PULSSAR,CV_ORGANIZACION,CH_TITULO_MENSAJE,CH_MENSAJE,NU_ESTATUS,FC_CONTROL,CH_USUARIO_MODIFICADOR) values (469,'G006','999','Tu solicitud no fue aceptada','El estatus del agente no es valido',1,SYSDATE,'MIGRACION');
Insert into PSER_TC_RECHAZO_PULSSAR (ID_RECHAZO_PULSSAR,CV_RECHAZO_PULSSAR,CV_ORGANIZACION,CH_TITULO_MENSAJE,CH_MENSAJE,NU_ESTATUS,FC_CONTROL,CH_USUARIO_MODIFICADOR) values (470,'G007','999','Tu solicitud no fue aceptada','La estructura es incorrecta',1,SYSDATE,'MIGRACION');
Insert into PSER_TC_RECHAZO_PULSSAR (ID_RECHAZO_PULSSAR,CV_RECHAZO_PULSSAR,CV_ORGANIZACION,CH_TITULO_MENSAJE,CH_MENSAJE,NU_ESTATUS,FC_CONTROL,CH_USUARIO_MODIFICADOR) values (471,'G008','999','Tu solicitud no fue aceptada','La estructura del correo es incorrecta',1,SYSDATE,'MIGRACION');
Insert into PSER_TC_RECHAZO_PULSSAR (ID_RECHAZO_PULSSAR,CV_RECHAZO_PULSSAR,CV_ORGANIZACION,CH_TITULO_MENSAJE,CH_MENSAJE,NU_ESTATUS,FC_CONTROL,CH_USUARIO_MODIFICADOR) values (472,'G009','999','Tu solicitud no fue aceptada','El codigo que intenta utilizar no es valido',1,SYSDATE,'MIGRACION');
Insert into PSER_TC_RECHAZO_PULSSAR (ID_RECHAZO_PULSSAR,CV_RECHAZO_PULSSAR,CV_ORGANIZACION,CH_TITULO_MENSAJE,CH_MENSAJE,NU_ESTATUS,FC_CONTROL,CH_USUARIO_MODIFICADOR) values (473,'G010','999','Tu solicitud no fue aceptada','Por el momento no es posible validar tu solicitud.',1,SYSDATE,'MIGRACION');
Insert into PSER_TC_RECHAZO_PULSSAR (ID_RECHAZO_PULSSAR,CV_RECHAZO_PULSSAR,CV_ORGANIZACION,CH_TITULO_MENSAJE,CH_MENSAJE,NU_ESTATUS,FC_CONTROL,CH_USUARIO_MODIFICADOR) values (474,'G011','999','Tu solicitud no fue aceptada','La contraseña capturada debe ser igual a la confirmación de la contraseña, intenta nuevamente.',1,SYSDATE,'MIGRACION');
Insert into PSER_TC_RECHAZO_PULSSAR (ID_RECHAZO_PULSSAR,CV_RECHAZO_PULSSAR,CV_ORGANIZACION,CH_TITULO_MENSAJE,CH_MENSAJE,NU_ESTATUS,FC_CONTROL,CH_USUARIO_MODIFICADOR) values (475,'G012','999','Solicitud no procesada','Favor de seleccionar un usuario para continuar con el proceso',1,SYSDATE,'MIGRACION');
Insert into PSER_TC_RECHAZO_PULSSAR (ID_RECHAZO_PULSSAR,CV_RECHAZO_PULSSAR,CV_ORGANIZACION,CH_TITULO_MENSAJE,CH_MENSAJE,NU_ESTATUS,FC_CONTROL,CH_USUARIO_MODIFICADOR) values (476,'G013','999','Solicitud no procesada','Favor de seleccionar un usuario o rol para continuar con el proceso',1,SYSDATE,'MIGRACION');
Insert into PSER_TC_RECHAZO_PULSSAR (ID_RECHAZO_PULSSAR,CV_RECHAZO_PULSSAR,CV_ORGANIZACION,CH_TITULO_MENSAJE,CH_MENSAJE,NU_ESTATUS,FC_CONTROL,CH_USUARIO_MODIFICADOR) values (477,'G014','999','Solicitud no procesada','Favor de capturar la curp o el nss, para continuar con la consulta',1,SYSDATE,'MIGRACION');
Insert into PSER_TC_RECHAZO_PULSSAR (ID_RECHAZO_PULSSAR,CV_RECHAZO_PULSSAR,CV_ORGANIZACION,CH_TITULO_MENSAJE,CH_MENSAJE,NU_ESTATUS,FC_CONTROL,CH_USUARIO_MODIFICADOR) values (478,'G015','999','Error Hora Entrada','La hora de entrada es obligatorio, favor de capturarlo.',1,SYSDATE,'MIGRACION');
Insert into PSER_TC_RECHAZO_PULSSAR (ID_RECHAZO_PULSSAR,CV_RECHAZO_PULSSAR,CV_ORGANIZACION,CH_TITULO_MENSAJE,CH_MENSAJE,NU_ESTATUS,FC_CONTROL,CH_USUARIO_MODIFICADOR) values (479,'OK01','999','Usuario registrado correctamente','Favor de contactar a tu administrador de AFORE para continuar tu alta.',1,SYSDATE,'MIGRACION');
Insert into PSER_TC_RECHAZO_PULSSAR (ID_RECHAZO_PULSSAR,CV_RECHAZO_PULSSAR,CV_ORGANIZACION,CH_TITULO_MENSAJE,CH_MENSAJE,NU_ESTATUS,FC_CONTROL,CH_USUARIO_MODIFICADOR) values (480,'OK02','999','Registro de Usuario correctamente','Se le notificó al usuario por medio del correo electrónico el alta al portal y los pasos a seguir para acceder.',1,SYSDATE,'MIGRACION');
Insert into PSER_TC_RECHAZO_PULSSAR (ID_RECHAZO_PULSSAR,CV_RECHAZO_PULSSAR,CV_ORGANIZACION,CH_TITULO_MENSAJE,CH_MENSAJE,NU_ESTATUS,FC_CONTROL,CH_USUARIO_MODIFICADOR) values (481,'OK03','999','Recuperación de contraseña exitosa','Recibirás un mail con tu contraseña en el correo electrónico que registraste en el portal. Revísalo por favor',1,SYSDATE,'MIGRACION');
Insert into PSER_TC_RECHAZO_PULSSAR (ID_RECHAZO_PULSSAR,CV_RECHAZO_PULSSAR,CV_ORGANIZACION,CH_TITULO_MENSAJE,CH_MENSAJE,NU_ESTATUS,FC_CONTROL,CH_USUARIO_MODIFICADOR) values (482,'OK04','999','Recuperación de contraseña exitosa','Recibirás un SMS con tu contraseña en el teléfono celular que registraste en el portal. Revísalo por favor',1,SYSDATE,'MIGRACION');
Insert into PSER_TC_RECHAZO_PULSSAR (ID_RECHAZO_PULSSAR,CV_RECHAZO_PULSSAR,CV_ORGANIZACION,CH_TITULO_MENSAJE,CH_MENSAJE,NU_ESTATUS,FC_CONTROL,CH_USUARIO_MODIFICADOR) values (483,'OK05','999','Modificación del usuario correctamente','Los datos del trabajador se modificaron correctamente.',1,SYSDATE,'MIGRACION');
Insert into PSER_TC_RECHAZO_PULSSAR (ID_RECHAZO_PULSSAR,CV_RECHAZO_PULSSAR,CV_ORGANIZACION,CH_TITULO_MENSAJE,CH_MENSAJE,NU_ESTATUS,FC_CONTROL,CH_USUARIO_MODIFICADOR) values (484,'OK06','999','Baja de usuarios correctamente','Se realizó la baja de {datos} usuario(s) del portal de servicios.',1,SYSDATE,'MIGRACION');
Insert into PSER_TC_RECHAZO_PULSSAR (ID_RECHAZO_PULSSAR,CV_RECHAZO_PULSSAR,CV_ORGANIZACION,CH_TITULO_MENSAJE,CH_MENSAJE,NU_ESTATUS,FC_CONTROL,CH_USUARIO_MODIFICADOR) values (485,'OK07','999','Perfiles asignados correctamente','Se asignaron los perfiles correspondientes a {datos} usuario(s)',1,SYSDATE,'MIGRACION');
Insert into PSER_TC_RECHAZO_PULSSAR (ID_RECHAZO_PULSSAR,CV_RECHAZO_PULSSAR,CV_ORGANIZACION,CH_TITULO_MENSAJE,CH_MENSAJE,NU_ESTATUS,FC_CONTROL,CH_USUARIO_MODIFICADOR) values (486,'OK08','999','Correo corporativo guardado','El correo corporativo se guardo correctamente',1,SYSDATE,'MIGRACION');
Insert into PSER_TC_RECHAZO_PULSSAR (ID_RECHAZO_PULSSAR,CV_RECHAZO_PULSSAR,CV_ORGANIZACION,CH_TITULO_MENSAJE,CH_MENSAJE,NU_ESTATUS,FC_CONTROL,CH_USUARIO_MODIFICADOR) values (487,'OK09','999','Correo corporativo guardado','El correo corporativo fue actualizado',1,SYSDATE,'MIGRACION');
Insert into PSER_TC_RECHAZO_PULSSAR (ID_RECHAZO_PULSSAR,CV_RECHAZO_PULSSAR,CV_ORGANIZACION,CH_TITULO_MENSAJE,CH_MENSAJE,NU_ESTATUS,FC_CONTROL,CH_USUARIO_MODIFICADOR) values (488,'OK10','999','Activación exitosa','El usuario ha sido activado correctamente.',1,SYSDATE,'MIGRACION');
Insert into PSER_TC_RECHAZO_PULSSAR (ID_RECHAZO_PULSSAR,CV_RECHAZO_PULSSAR,CV_ORGANIZACION,CH_TITULO_MENSAJE,CH_MENSAJE,NU_ESTATUS,FC_CONTROL,CH_USUARIO_MODIFICADOR) values (489,'C001','999','Falta expediente','El usuario no cuenta con expediente de identificacion y enrolamiento',1,SYSDATE,'MIGRACION');
Insert into PSER_TC_RECHAZO_PULSSAR (ID_RECHAZO_PULSSAR,CV_RECHAZO_PULSSAR,CV_ORGANIZACION,CH_TITULO_MENSAJE,CH_MENSAJE,NU_ESTATUS,FC_CONTROL,CH_USUARIO_MODIFICADOR) values (490,'C002','999','Falta expediente','El usuario no cuenta con enrolamiento',1,SYSDATE,'MIGRACION');
Insert into PSER_TC_RECHAZO_PULSSAR (ID_RECHAZO_PULSSAR,CV_RECHAZO_PULSSAR,CV_ORGANIZACION,CH_TITULO_MENSAJE,CH_MENSAJE,NU_ESTATUS,FC_CONTROL,CH_USUARIO_MODIFICADOR) values (491,'C003','999','Falta expediente','El usuario no cuenta con expediente de identificacion',1,SYSDATE,'MIGRACION');
Insert into PSER_TC_RECHAZO_PULSSAR (ID_RECHAZO_PULSSAR,CV_RECHAZO_PULSSAR,CV_ORGANIZACION,CH_TITULO_MENSAJE,CH_MENSAJE,NU_ESTATUS,FC_CONTROL,CH_USUARIO_MODIFICADOR) values (492,'C004','999','Trabajador no encontrado','Con los datos proporcionados no se encontro registro',1,SYSDATE,'MIGRACION');
Insert into PSER_TC_RECHAZO_PULSSAR (ID_RECHAZO_PULSSAR,CV_RECHAZO_PULSSAR,CV_ORGANIZACION,CH_TITULO_MENSAJE,CH_MENSAJE,NU_ESTATUS,FC_CONTROL,CH_USUARIO_MODIFICADOR) values (493,'C005','999','Solicitud no aceptada','El trabajador no pertenece a la misma afore',1,SYSDATE,'MIGRACION');
Insert into PSER_TC_RECHAZO_PULSSAR (ID_RECHAZO_PULSSAR,CV_RECHAZO_PULSSAR,CV_ORGANIZACION,CH_TITULO_MENSAJE,CH_MENSAJE,NU_ESTATUS,FC_CONTROL,CH_USUARIO_MODIFICADOR) values (494,'C006','999','Trabajador no válido','El trabajador encontrado se encuentra como asignado',1,SYSDATE,'MIGRACION');
Insert into PSER_TC_RECHAZO_PULSSAR (ID_RECHAZO_PULSSAR,CV_RECHAZO_PULSSAR,CV_ORGANIZACION,CH_TITULO_MENSAJE,CH_MENSAJE,NU_ESTATUS,FC_CONTROL,CH_USUARIO_MODIFICADOR) values (495,'C007','999','Datos incongruentes','Se encontraron diferencias en los datos',1,SYSDATE,'MIGRACION');
Insert into PSER_TC_RECHAZO_PULSSAR (ID_RECHAZO_PULSSAR,CV_RECHAZO_PULSSAR,CV_ORGANIZACION,CH_TITULO_MENSAJE,CH_MENSAJE,NU_ESTATUS,FC_CONTROL,CH_USUARIO_MODIFICADOR) values (496,'F001','999','Folio Activo','Se encuentra un folio activo, ¿Desea continuar con la atención de ese Folio?',1,SYSDATE,'MIGRACION');
Insert into PSER_TC_RECHAZO_PULSSAR (ID_RECHAZO_PULSSAR,CV_RECHAZO_PULSSAR,CV_ORGANIZACION,CH_TITULO_MENSAJE,CH_MENSAJE,NU_ESTATUS,FC_CONTROL,CH_USUARIO_MODIFICADOR) values (652,'E003','999','Consentimiento Captura de Huellas','Para continuar el proceso de captura de huellas, es necesario leer y firmar el siguiente documento:',1,SYSDATE,'MIGRACION');

Insert into PSER_TC_RECHAZO_PULSSAR (ID_RECHAZO_PULSSAR,CV_RECHAZO_PULSSAR,CV_ORGANIZACION,CH_TITULO_MENSAJE,CH_MENSAJE,NU_ESTATUS,FC_CONTROL,CH_USUARIO_MODIFICADOR) values (498,'G018','556','Usuario Bloqueado','Usuario bloqueado, Favor de validar con su administrador.',1,SYSDATE,'MIGRACION');
Insert into PSER_TC_RECHAZO_PULSSAR (ID_RECHAZO_PULSSAR,CV_RECHAZO_PULSSAR,CV_ORGANIZACION,CH_TITULO_MENSAJE,CH_MENSAJE,NU_ESTATUS,FC_CONTROL,CH_USUARIO_MODIFICADOR) values (499,'P04','556','Tu solicitud no fue aceptada','Usuario inactivo, Favor de validar con su administrador',1,SYSDATE,'MIGRACION');
Insert into PSER_TC_RECHAZO_PULSSAR (ID_RECHAZO_PULSSAR,CV_RECHAZO_PULSSAR,CV_ORGANIZACION,CH_TITULO_MENSAJE,CH_MENSAJE,NU_ESTATUS,FC_CONTROL,CH_USUARIO_MODIFICADOR) values (497,'P07','556','Tu solicitud no fue aceptada','El código de confirmación que ingresaste no corresponde al que recibiste vía mensaje de texto.',1,SYSDATE,'MIGRACION');
Insert into PSER_TC_RECHAZO_PULSSAR (ID_RECHAZO_PULSSAR,CV_RECHAZO_PULSSAR,CV_ORGANIZACION,CH_TITULO_MENSAJE,CH_MENSAJE,NU_ESTATUS,FC_CONTROL,CH_USUARIO_MODIFICADOR) values (629,'G019','556','Solicitud no procesada','Favor de capturar el usuario para cotinuar el proceso.',1,SYSDATE,'MIGRACION');
Insert into PSER_TC_RECHAZO_PULSSAR (ID_RECHAZO_PULSSAR,CV_RECHAZO_PULSSAR,CV_ORGANIZACION,CH_TITULO_MENSAJE,CH_MENSAJE,NU_ESTATUS,FC_CONTROL,CH_USUARIO_MODIFICADOR) values (630,'G021','556','Solicitud no procesada','No cuenta con un codigo vigente, solicite uno nuevo con su adminsitrador de afore.',1,SYSDATE,'MIGRACION');
Insert into PSER_TC_RECHAZO_PULSSAR (ID_RECHAZO_PULSSAR,CV_RECHAZO_PULSSAR,CV_ORGANIZACION,CH_TITULO_MENSAJE,CH_MENSAJE,NU_ESTATUS,FC_CONTROL,CH_USUARIO_MODIFICADOR) values (631,'G022','556','Solicitud no procesada','No cuenta con un codigo vigente, realice nuevamente el proceso de recuperacion de password.',1,SYSDATE,'MIGRACION');
Insert into PSER_TC_RECHAZO_PULSSAR (ID_RECHAZO_PULSSAR,CV_RECHAZO_PULSSAR,CV_ORGANIZACION,CH_TITULO_MENSAJE,CH_MENSAJE,NU_ESTATUS,FC_CONTROL,CH_USUARIO_MODIFICADOR) values (632,'OK11','556','Desbloqueo exitoso','Se realizo el desbloqueo de usuarios exitosamente.',1,SYSDATE,'MIGRACION');
Insert into PSER_TC_RECHAZO_PULSSAR (ID_RECHAZO_PULSSAR,CV_RECHAZO_PULSSAR,CV_ORGANIZACION,CH_TITULO_MENSAJE,CH_MENSAJE,NU_ESTATUS,FC_CONTROL,CH_USUARIO_MODIFICADOR) values (633,'OK12','556','Reenvio correcto','Se realizo el reenvio de credenciales a {datos} usuario(s) exitosamente.',1,SYSDATE,'MIGRACION');
Insert into PSER_TC_RECHAZO_PULSSAR (ID_RECHAZO_PULSSAR,CV_RECHAZO_PULSSAR,CV_ORGANIZACION,CH_TITULO_MENSAJE,CH_MENSAJE,NU_ESTATUS,FC_CONTROL,CH_USUARIO_MODIFICADOR) values (634,'OK13','556','Código reenviado correctamente','Se realizó el reenvío del código vigente exitosamente.',1,SYSDATE,'MIGRACION');
Insert into PSER_TC_RECHAZO_PULSSAR (ID_RECHAZO_PULSSAR,CV_RECHAZO_PULSSAR,CV_ORGANIZACION,CH_TITULO_MENSAJE,CH_MENSAJE,NU_ESTATUS,FC_CONTROL,CH_USUARIO_MODIFICADOR) values (635,'OK14','556','Solicitud Exitosa','El envío de tu expediente se realizó de forma exitosa.',1,SYSDATE,'MIGRACION');
Insert into PSER_TC_RECHAZO_PULSSAR (ID_RECHAZO_PULSSAR,CV_RECHAZO_PULSSAR,CV_ORGANIZACION,CH_TITULO_MENSAJE,CH_MENSAJE,NU_ESTATUS,FC_CONTROL,CH_USUARIO_MODIFICADOR) values (636,'G024','556','Solicitud no procesada','Favor de cargar solo tipos de archivos aceptados para continuar el proceso.',1,SYSDATE,'MIGRACION');
Insert into PSER_TC_RECHAZO_PULSSAR (ID_RECHAZO_PULSSAR,CV_RECHAZO_PULSSAR,CV_ORGANIZACION,CH_TITULO_MENSAJE,CH_MENSAJE,NU_ESTATUS,FC_CONTROL,CH_USUARIO_MODIFICADOR) values (637,'G025','556','Solicitud no procesada','Favor de cargar archivos del tamaño aceptado.',1,SYSDATE,'MIGRACION');
Insert into PSER_TC_RECHAZO_PULSSAR (ID_RECHAZO_PULSSAR,CV_RECHAZO_PULSSAR,CV_ORGANIZACION,CH_TITULO_MENSAJE,CH_MENSAJE,NU_ESTATUS,FC_CONTROL,CH_USUARIO_MODIFICADOR) values (501,'035','556','Tu solicitud no fue aceptada','La contraseña que ingresaste no cumple con las características necesarias',1,SYSDATE,'MIGRACION');
Insert into PSER_TC_RECHAZO_PULSSAR (ID_RECHAZO_PULSSAR,CV_RECHAZO_PULSSAR,CV_ORGANIZACION,CH_TITULO_MENSAJE,CH_MENSAJE,NU_ESTATUS,FC_CONTROL,CH_USUARIO_MODIFICADOR) values (389,'A01','556','Tu solicitud no fue aceptada','La CURP del Agente no se encuentra registrada.',1,SYSDATE,'MIGRACION');
Insert into PSER_TC_RECHAZO_PULSSAR (ID_RECHAZO_PULSSAR,CV_RECHAZO_PULSSAR,CV_ORGANIZACION,CH_TITULO_MENSAJE,CH_MENSAJE,NU_ESTATUS,FC_CONTROL,CH_USUARIO_MODIFICADOR) values (390,'A02','556','Tu solicitud no fue aceptada','La Clave del Agente no se encuentra registrada.',1,SYSDATE,'MIGRACION');
Insert into PSER_TC_RECHAZO_PULSSAR (ID_RECHAZO_PULSSAR,CV_RECHAZO_PULSSAR,CV_ORGANIZACION,CH_TITULO_MENSAJE,CH_MENSAJE,NU_ESTATUS,FC_CONTROL,CH_USUARIO_MODIFICADOR) values (391,'A03','556','Tu solicitud no fue aceptada','La CURP del agente presenta diferencias con lo registrado.',1,SYSDATE,'MIGRACION');
Insert into PSER_TC_RECHAZO_PULSSAR (ID_RECHAZO_PULSSAR,CV_RECHAZO_PULSSAR,CV_ORGANIZACION,CH_TITULO_MENSAJE,CH_MENSAJE,NU_ESTATUS,FC_CONTROL,CH_USUARIO_MODIFICADOR) values (392,'A04','556','Tu solicitud no fue aceptada','El agente no se encuentra en un estatus válido para continuar.',1,SYSDATE,'MIGRACION');
Insert into PSER_TC_RECHAZO_PULSSAR (ID_RECHAZO_PULSSAR,CV_RECHAZO_PULSSAR,CV_ORGANIZACION,CH_TITULO_MENSAJE,CH_MENSAJE,NU_ESTATUS,FC_CONTROL,CH_USUARIO_MODIFICADOR) values (393,'A05','556','Tu solicitud no fue aceptada','Existen diferencias en el nombre del agente.',1,SYSDATE,'MIGRACION');
Insert into PSER_TC_RECHAZO_PULSSAR (ID_RECHAZO_PULSSAR,CV_RECHAZO_PULSSAR,CV_ORGANIZACION,CH_TITULO_MENSAJE,CH_MENSAJE,NU_ESTATUS,FC_CONTROL,CH_USUARIO_MODIFICADOR) values (394,'A06','556','Tu solicitud no fue aceptada','El usuario que intenta registrar ya existe.',1,SYSDATE,'MIGRACION');
Insert into PSER_TC_RECHAZO_PULSSAR (ID_RECHAZO_PULSSAR,CV_RECHAZO_PULSSAR,CV_ORGANIZACION,CH_TITULO_MENSAJE,CH_MENSAJE,NU_ESTATUS,FC_CONTROL,CH_USUARIO_MODIFICADOR) values (395,'A07','556','Tu solicitud no fue aceptada','El correo que intenta registrar ya existe.',1,SYSDATE,'MIGRACION');
Insert into PSER_TC_RECHAZO_PULSSAR (ID_RECHAZO_PULSSAR,CV_RECHAZO_PULSSAR,CV_ORGANIZACION,CH_TITULO_MENSAJE,CH_MENSAJE,NU_ESTATUS,FC_CONTROL,CH_USUARIO_MODIFICADOR) values (396,'A08','556','Tu solicitud no fue aceptada','El celular que intenta registrar ya existe.',1,SYSDATE,'MIGRACION');
Insert into PSER_TC_RECHAZO_PULSSAR (ID_RECHAZO_PULSSAR,CV_RECHAZO_PULSSAR,CV_ORGANIZACION,CH_TITULO_MENSAJE,CH_MENSAJE,NU_ESTATUS,FC_CONTROL,CH_USUARIO_MODIFICADOR) values (397,'A09','556','Tu solicitud no fue aceptada','El agente no se encuentra en un estatus válido para ',1,SYSDATE,'MIGRACION');
Insert into PSER_TC_RECHAZO_PULSSAR (ID_RECHAZO_PULSSAR,CV_RECHAZO_PULSSAR,CV_ORGANIZACION,CH_TITULO_MENSAJE,CH_MENSAJE,NU_ESTATUS,FC_CONTROL,CH_USUARIO_MODIFICADOR) values (398,'A10','556','Tu solicitud no fue aceptada','El password es incorrecto.',1,SYSDATE,'MIGRACION');
Insert into PSER_TC_RECHAZO_PULSSAR (ID_RECHAZO_PULSSAR,CV_RECHAZO_PULSSAR,CV_ORGANIZACION,CH_TITULO_MENSAJE,CH_MENSAJE,NU_ESTATUS,FC_CONTROL,CH_USUARIO_MODIFICADOR) values (399,'A11','556','Tu solicitud no fue aceptada','El usuario no existe.',1,SYSDATE,'MIGRACION');
Insert into PSER_TC_RECHAZO_PULSSAR (ID_RECHAZO_PULSSAR,CV_RECHAZO_PULSSAR,CV_ORGANIZACION,CH_TITULO_MENSAJE,CH_MENSAJE,NU_ESTATUS,FC_CONTROL,CH_USUARIO_MODIFICADOR) values (400,'A12','556','Tu solicitud no fue aceptada','El correo corporativo es invalido.',1,SYSDATE,'MIGRACION');
Insert into PSER_TC_RECHAZO_PULSSAR (ID_RECHAZO_PULSSAR,CV_RECHAZO_PULSSAR,CV_ORGANIZACION,CH_TITULO_MENSAJE,CH_MENSAJE,NU_ESTATUS,FC_CONTROL,CH_USUARIO_MODIFICADOR) values (401,'A13','556','Tu solicitud no fue aceptada','El correo electronico debe ser igual al usuario.',1,SYSDATE,'MIGRACION');
Insert into PSER_TC_RECHAZO_PULSSAR (ID_RECHAZO_PULSSAR,CV_RECHAZO_PULSSAR,CV_ORGANIZACION,CH_TITULO_MENSAJE,CH_MENSAJE,NU_ESTATUS,FC_CONTROL,CH_USUARIO_MODIFICADOR) values (402,'A14','556','Tu solicitud no fue aceptada','El correo electronico es distinto al que se encuentra registrado',1,SYSDATE,'MIGRACION');
Insert into PSER_TC_RECHAZO_PULSSAR (ID_RECHAZO_PULSSAR,CV_RECHAZO_PULSSAR,CV_ORGANIZACION,CH_TITULO_MENSAJE,CH_MENSAJE,NU_ESTATUS,FC_CONTROL,CH_USUARIO_MODIFICADOR) values (403,'A15','556','Tu solicitud no fue aceptada','El telefono es distinto al que se encuentra registrado',1,SYSDATE,'MIGRACION');
Insert into PSER_TC_RECHAZO_PULSSAR (ID_RECHAZO_PULSSAR,CV_RECHAZO_PULSSAR,CV_ORGANIZACION,CH_TITULO_MENSAJE,CH_MENSAJE,NU_ESTATUS,FC_CONTROL,CH_USUARIO_MODIFICADOR) values (404,'A16','556','Tu solicitud no fue aceptada','La fecha del codigo se encuentra vigente.',1,SYSDATE,'MIGRACION');
Insert into PSER_TC_RECHAZO_PULSSAR (ID_RECHAZO_PULSSAR,CV_RECHAZO_PULSSAR,CV_ORGANIZACION,CH_TITULO_MENSAJE,CH_MENSAJE,NU_ESTATUS,FC_CONTROL,CH_USUARIO_MODIFICADOR) values (405,'A17','556','Tu solicitud no fue aceptada','El codigo que intenta utilizar se encuentra usado.',1,SYSDATE,'MIGRACION');
Insert into PSER_TC_RECHAZO_PULSSAR (ID_RECHAZO_PULSSAR,CV_RECHAZO_PULSSAR,CV_ORGANIZACION,CH_TITULO_MENSAJE,CH_MENSAJE,NU_ESTATUS,FC_CONTROL,CH_USUARIO_MODIFICADOR) values (406,'A18','556','Tu solicitud no fue aceptada','El codigo que intenta utilizar se encuentra vencido.',1,SYSDATE,'MIGRACION');
Insert into PSER_TC_RECHAZO_PULSSAR (ID_RECHAZO_PULSSAR,CV_RECHAZO_PULSSAR,CV_ORGANIZACION,CH_TITULO_MENSAJE,CH_MENSAJE,NU_ESTATUS,FC_CONTROL,CH_USUARIO_MODIFICADOR) values (407,'A19','556','Tu solicitud no fue aceptada','El codigo que intenta utilizar se encuentra bloquedo.',1,SYSDATE,'MIGRACION');
Insert into PSER_TC_RECHAZO_PULSSAR (ID_RECHAZO_PULSSAR,CV_RECHAZO_PULSSAR,CV_ORGANIZACION,CH_TITULO_MENSAJE,CH_MENSAJE,NU_ESTATUS,FC_CONTROL,CH_USUARIO_MODIFICADOR) values (408,'A20','556','Tu solicitud no fue aceptada','El Usuario capturado no corresponde al que recibiste vía correo.',1,SYSDATE,'MIGRACION');
Insert into PSER_TC_RECHAZO_PULSSAR (ID_RECHAZO_PULSSAR,CV_RECHAZO_PULSSAR,CV_ORGANIZACION,CH_TITULO_MENSAJE,CH_MENSAJE,NU_ESTATUS,FC_CONTROL,CH_USUARIO_MODIFICADOR) values (409,'A21','556','Error al buscar agente','El agente que solicito no exite',1,SYSDATE,'MIGRACION');
Insert into PSER_TC_RECHAZO_PULSSAR (ID_RECHAZO_PULSSAR,CV_RECHAZO_PULSSAR,CV_ORGANIZACION,CH_TITULO_MENSAJE,CH_MENSAJE,NU_ESTATUS,FC_CONTROL,CH_USUARIO_MODIFICADOR) values (410,'G001','556','Tu solicitud no fue aceptada','Por el momento no es posible validar tu solicitud. Por favor, inténtalo más tarde.',1,SYSDATE,'MIGRACION');
Insert into PSER_TC_RECHAZO_PULSSAR (ID_RECHAZO_PULSSAR,CV_RECHAZO_PULSSAR,CV_ORGANIZACION,CH_TITULO_MENSAJE,CH_MENSAJE,NU_ESTATUS,FC_CONTROL,CH_USUARIO_MODIFICADOR) values (411,'G002','556','Tu solicitud no fue aceptada','Los campos requeridos son obligatorios, favor de capturarlos.',1,SYSDATE,'MIGRACION');
Insert into PSER_TC_RECHAZO_PULSSAR (ID_RECHAZO_PULSSAR,CV_RECHAZO_PULSSAR,CV_ORGANIZACION,CH_TITULO_MENSAJE,CH_MENSAJE,NU_ESTATUS,FC_CONTROL,CH_USUARIO_MODIFICADOR) values (412,'G003','556','Tu solicitud no fue aceptada','La estructura de la CURP es inválida, favor de verificar.',1,SYSDATE,'MIGRACION');
Insert into PSER_TC_RECHAZO_PULSSAR (ID_RECHAZO_PULSSAR,CV_RECHAZO_PULSSAR,CV_ORGANIZACION,CH_TITULO_MENSAJE,CH_MENSAJE,NU_ESTATUS,FC_CONTROL,CH_USUARIO_MODIFICADOR) values (413,'G004','556','Tu solicitud no fue aceptada','El NAP capturado no es válido, favor de verificar.',1,SYSDATE,'MIGRACION');
Insert into PSER_TC_RECHAZO_PULSSAR (ID_RECHAZO_PULSSAR,CV_RECHAZO_PULSSAR,CV_ORGANIZACION,CH_TITULO_MENSAJE,CH_MENSAJE,NU_ESTATUS,FC_CONTROL,CH_USUARIO_MODIFICADOR) values (414,'G005','556','Tu solicitud no fue aceptada','El agente que intenta buscar buscar no es valido',1,SYSDATE,'MIGRACION');
Insert into PSER_TC_RECHAZO_PULSSAR (ID_RECHAZO_PULSSAR,CV_RECHAZO_PULSSAR,CV_ORGANIZACION,CH_TITULO_MENSAJE,CH_MENSAJE,NU_ESTATUS,FC_CONTROL,CH_USUARIO_MODIFICADOR) values (415,'G006','556','Tu solicitud no fue aceptada','El estatus del agente no es valido',1,SYSDATE,'MIGRACION');
Insert into PSER_TC_RECHAZO_PULSSAR (ID_RECHAZO_PULSSAR,CV_RECHAZO_PULSSAR,CV_ORGANIZACION,CH_TITULO_MENSAJE,CH_MENSAJE,NU_ESTATUS,FC_CONTROL,CH_USUARIO_MODIFICADOR) values (416,'G007','556','Tu solicitud no fue aceptada','La estructura es incorrecta',1,SYSDATE,'MIGRACION');
Insert into PSER_TC_RECHAZO_PULSSAR (ID_RECHAZO_PULSSAR,CV_RECHAZO_PULSSAR,CV_ORGANIZACION,CH_TITULO_MENSAJE,CH_MENSAJE,NU_ESTATUS,FC_CONTROL,CH_USUARIO_MODIFICADOR) values (417,'G008','556','Tu solicitud no fue aceptada','La estructura del correo es incorrecta',1,SYSDATE,'MIGRACION');
Insert into PSER_TC_RECHAZO_PULSSAR (ID_RECHAZO_PULSSAR,CV_RECHAZO_PULSSAR,CV_ORGANIZACION,CH_TITULO_MENSAJE,CH_MENSAJE,NU_ESTATUS,FC_CONTROL,CH_USUARIO_MODIFICADOR) values (418,'G009','556','Tu solicitud no fue aceptada','El codigo que intenta utilizar no es valido',1,SYSDATE,'MIGRACION');
Insert into PSER_TC_RECHAZO_PULSSAR (ID_RECHAZO_PULSSAR,CV_RECHAZO_PULSSAR,CV_ORGANIZACION,CH_TITULO_MENSAJE,CH_MENSAJE,NU_ESTATUS,FC_CONTROL,CH_USUARIO_MODIFICADOR) values (419,'G010','556','Tu solicitud no fue aceptada','Por el momento no es posible validar tu solicitud.',1,SYSDATE,'MIGRACION');
Insert into PSER_TC_RECHAZO_PULSSAR (ID_RECHAZO_PULSSAR,CV_RECHAZO_PULSSAR,CV_ORGANIZACION,CH_TITULO_MENSAJE,CH_MENSAJE,NU_ESTATUS,FC_CONTROL,CH_USUARIO_MODIFICADOR) values (420,'G011','556','Tu solicitud no fue aceptada','La contraseña capturada debe ser igual a la confirmación de la contraseña, intenta nuevamente.',1,SYSDATE,'MIGRACION');
Insert into PSER_TC_RECHAZO_PULSSAR (ID_RECHAZO_PULSSAR,CV_RECHAZO_PULSSAR,CV_ORGANIZACION,CH_TITULO_MENSAJE,CH_MENSAJE,NU_ESTATUS,FC_CONTROL,CH_USUARIO_MODIFICADOR) values (421,'G012','556','Solicitud no procesada','Favor de seleccionar un usuario para continuar con el proceso',1,SYSDATE,'MIGRACION');
Insert into PSER_TC_RECHAZO_PULSSAR (ID_RECHAZO_PULSSAR,CV_RECHAZO_PULSSAR,CV_ORGANIZACION,CH_TITULO_MENSAJE,CH_MENSAJE,NU_ESTATUS,FC_CONTROL,CH_USUARIO_MODIFICADOR) values (422,'G013','556','Solicitud no procesada','Favor de seleccionar un usuario o rol para continuar con el proceso',1,SYSDATE,'MIGRACION');
Insert into PSER_TC_RECHAZO_PULSSAR (ID_RECHAZO_PULSSAR,CV_RECHAZO_PULSSAR,CV_ORGANIZACION,CH_TITULO_MENSAJE,CH_MENSAJE,NU_ESTATUS,FC_CONTROL,CH_USUARIO_MODIFICADOR) values (423,'G014','556','Solicitud no procesada','Favor de capturar la curp o el nss, para continuar con la consulta',1,SYSDATE,'MIGRACION');
Insert into PSER_TC_RECHAZO_PULSSAR (ID_RECHAZO_PULSSAR,CV_RECHAZO_PULSSAR,CV_ORGANIZACION,CH_TITULO_MENSAJE,CH_MENSAJE,NU_ESTATUS,FC_CONTROL,CH_USUARIO_MODIFICADOR) values (424,'G015','556','Error Hora Entrada','La hora de entrada es obligatorio, favor de capturarlo.',1,SYSDATE,'MIGRACION');
Insert into PSER_TC_RECHAZO_PULSSAR (ID_RECHAZO_PULSSAR,CV_RECHAZO_PULSSAR,CV_ORGANIZACION,CH_TITULO_MENSAJE,CH_MENSAJE,NU_ESTATUS,FC_CONTROL,CH_USUARIO_MODIFICADOR) values (425,'OK01','556','Usuario registrado correctamente','Favor de contactar a tu administrador de AFORE para continuar tu alta.',1,SYSDATE,'MIGRACION');
Insert into PSER_TC_RECHAZO_PULSSAR (ID_RECHAZO_PULSSAR,CV_RECHAZO_PULSSAR,CV_ORGANIZACION,CH_TITULO_MENSAJE,CH_MENSAJE,NU_ESTATUS,FC_CONTROL,CH_USUARIO_MODIFICADOR) values (426,'OK02','556','Registro de Usuario correctamente','Se le notificó al usuario por medio del correo electrónico el alta al portal y los pasos a seguir para acceder.',1,SYSDATE,'MIGRACION');
Insert into PSER_TC_RECHAZO_PULSSAR (ID_RECHAZO_PULSSAR,CV_RECHAZO_PULSSAR,CV_ORGANIZACION,CH_TITULO_MENSAJE,CH_MENSAJE,NU_ESTATUS,FC_CONTROL,CH_USUARIO_MODIFICADOR) values (427,'OK03','556','Recuperación de contraseña exitosa','Recibirás un mail con tu contraseña en el correo electrónico que registraste en el portal. Revísalo por favor',1,SYSDATE,'MIGRACION');
Insert into PSER_TC_RECHAZO_PULSSAR (ID_RECHAZO_PULSSAR,CV_RECHAZO_PULSSAR,CV_ORGANIZACION,CH_TITULO_MENSAJE,CH_MENSAJE,NU_ESTATUS,FC_CONTROL,CH_USUARIO_MODIFICADOR) values (428,'OK04','556','Recuperación de contraseña exitosa','Recibirás un SMS con tu contraseña en el teléfono celular que registraste en el portal. Revísalo por favor',1,SYSDATE,'MIGRACION');
Insert into PSER_TC_RECHAZO_PULSSAR (ID_RECHAZO_PULSSAR,CV_RECHAZO_PULSSAR,CV_ORGANIZACION,CH_TITULO_MENSAJE,CH_MENSAJE,NU_ESTATUS,FC_CONTROL,CH_USUARIO_MODIFICADOR) values (429,'OK05','556','Modificación del usuario correctamente','Los datos del trabajador se modificaron correctamente.',1,SYSDATE,'MIGRACION');
Insert into PSER_TC_RECHAZO_PULSSAR (ID_RECHAZO_PULSSAR,CV_RECHAZO_PULSSAR,CV_ORGANIZACION,CH_TITULO_MENSAJE,CH_MENSAJE,NU_ESTATUS,FC_CONTROL,CH_USUARIO_MODIFICADOR) values (430,'OK06','556','Baja de usuarios correctamente','Se realizó la baja de {datos} usuario(s) del portal de servicios.',1,SYSDATE,'MIGRACION');
Insert into PSER_TC_RECHAZO_PULSSAR (ID_RECHAZO_PULSSAR,CV_RECHAZO_PULSSAR,CV_ORGANIZACION,CH_TITULO_MENSAJE,CH_MENSAJE,NU_ESTATUS,FC_CONTROL,CH_USUARIO_MODIFICADOR) values (431,'OK07','556','Perfiles asignados correctamente','Se asignaron los perfiles correspondientes a {datos} usuario(s)',1,SYSDATE,'MIGRACION');
Insert into PSER_TC_RECHAZO_PULSSAR (ID_RECHAZO_PULSSAR,CV_RECHAZO_PULSSAR,CV_ORGANIZACION,CH_TITULO_MENSAJE,CH_MENSAJE,NU_ESTATUS,FC_CONTROL,CH_USUARIO_MODIFICADOR) values (432,'OK08','556','Correo corporativo guardado','El correo corporativo se guardo correctamente',1,SYSDATE,'MIGRACION');
Insert into PSER_TC_RECHAZO_PULSSAR (ID_RECHAZO_PULSSAR,CV_RECHAZO_PULSSAR,CV_ORGANIZACION,CH_TITULO_MENSAJE,CH_MENSAJE,NU_ESTATUS,FC_CONTROL,CH_USUARIO_MODIFICADOR) values (433,'OK09','556','Correo corporativo guardado','El correo corporativo fue actualizado',1,SYSDATE,'MIGRACION');
Insert into PSER_TC_RECHAZO_PULSSAR (ID_RECHAZO_PULSSAR,CV_RECHAZO_PULSSAR,CV_ORGANIZACION,CH_TITULO_MENSAJE,CH_MENSAJE,NU_ESTATUS,FC_CONTROL,CH_USUARIO_MODIFICADOR) values (434,'OK10','556','Activación exitosa','Tu cuenta ha sido activada exitosamente, Puedes ingresar la Plataforma de Servicios con tu Usuario y contraseña.',1,SYSDATE,'MIGRACION');
Insert into PSER_TC_RECHAZO_PULSSAR (ID_RECHAZO_PULSSAR,CV_RECHAZO_PULSSAR,CV_ORGANIZACION,CH_TITULO_MENSAJE,CH_MENSAJE,NU_ESTATUS,FC_CONTROL,CH_USUARIO_MODIFICADOR) values (435,'C001','556','Falta expediente','El usuario no cuenta con expediente de identificacion y enrolamiento',1,SYSDATE,'MIGRACION');
Insert into PSER_TC_RECHAZO_PULSSAR (ID_RECHAZO_PULSSAR,CV_RECHAZO_PULSSAR,CV_ORGANIZACION,CH_TITULO_MENSAJE,CH_MENSAJE,NU_ESTATUS,FC_CONTROL,CH_USUARIO_MODIFICADOR) values (436,'C002','556','Falta expediente','El usuario no cuenta con enrolamiento',1,SYSDATE,'MIGRACION');
Insert into PSER_TC_RECHAZO_PULSSAR (ID_RECHAZO_PULSSAR,CV_RECHAZO_PULSSAR,CV_ORGANIZACION,CH_TITULO_MENSAJE,CH_MENSAJE,NU_ESTATUS,FC_CONTROL,CH_USUARIO_MODIFICADOR) values (437,'C003','556','Falta expediente','El usuario no cuenta con expediente de identificacion',1,SYSDATE,'MIGRACION');
Insert into PSER_TC_RECHAZO_PULSSAR (ID_RECHAZO_PULSSAR,CV_RECHAZO_PULSSAR,CV_ORGANIZACION,CH_TITULO_MENSAJE,CH_MENSAJE,NU_ESTATUS,FC_CONTROL,CH_USUARIO_MODIFICADOR) values (438,'C004','556','Trabajador no encontrado','Con los datos proporcionados no se encontro registro',1,SYSDATE,'MIGRACION');
Insert into PSER_TC_RECHAZO_PULSSAR (ID_RECHAZO_PULSSAR,CV_RECHAZO_PULSSAR,CV_ORGANIZACION,CH_TITULO_MENSAJE,CH_MENSAJE,NU_ESTATUS,FC_CONTROL,CH_USUARIO_MODIFICADOR) values (439,'C005','556','Solicitud no aceptada','El trabajador no pertenece a la misma afore',1,SYSDATE,'MIGRACION');
Insert into PSER_TC_RECHAZO_PULSSAR (ID_RECHAZO_PULSSAR,CV_RECHAZO_PULSSAR,CV_ORGANIZACION,CH_TITULO_MENSAJE,CH_MENSAJE,NU_ESTATUS,FC_CONTROL,CH_USUARIO_MODIFICADOR) values (440,'C006','556','Trabajador no válido','El trabajador encontrado se encuentra como asignado',1,SYSDATE,'MIGRACION');
Insert into PSER_TC_RECHAZO_PULSSAR (ID_RECHAZO_PULSSAR,CV_RECHAZO_PULSSAR,CV_ORGANIZACION,CH_TITULO_MENSAJE,CH_MENSAJE,NU_ESTATUS,FC_CONTROL,CH_USUARIO_MODIFICADOR) values (441,'C007','556','Datos incongruentes','Se encontraron diferencias en los datos',1,SYSDATE,'MIGRACION');
Insert into PSER_TC_RECHAZO_PULSSAR (ID_RECHAZO_PULSSAR,CV_RECHAZO_PULSSAR,CV_ORGANIZACION,CH_TITULO_MENSAJE,CH_MENSAJE,NU_ESTATUS,FC_CONTROL,CH_USUARIO_MODIFICADOR) values (442,'F001','556','Folio Activo','Se encuentra un folio activo, ¿Desea continuar con la atención de ese Folio?',1,SYSDATE,'MIGRACION');
Insert into PSER_TC_RECHAZO_PULSSAR (ID_RECHAZO_PULSSAR,CV_RECHAZO_PULSSAR,CV_ORGANIZACION,CH_TITULO_MENSAJE,CH_MENSAJE,NU_ESTATUS,FC_CONTROL,CH_USUARIO_MODIFICADOR) values (644,'E77','556','Sello Utilizado','El sello del trabajador se encuentra Utilizado',1,SYSDATE,'MIGRACION');
Insert into PSER_TC_RECHAZO_PULSSAR (ID_RECHAZO_PULSSAR,CV_RECHAZO_PULSSAR,CV_ORGANIZACION,CH_TITULO_MENSAJE,CH_MENSAJE,NU_ESTATUS,FC_CONTROL,CH_USUARIO_MODIFICADOR) values (500,'P01','556','Tu solicitud no fue aceptada','El usuario no pudo ser generado por que ya existe.',1,SYSDATE,'MIGRACION');


Insert into PSER_TC_RECHAZO_PULSSAR (ID_RECHAZO_PULSSAR,CV_RECHAZO_PULSSAR,CV_ORGANIZACION,CH_TITULO_MENSAJE,CH_MENSAJE,NU_ESTATUS,FC_CONTROL,CH_USUARIO_MODIFICADOR) values (671,'OK04','552','Recuperación de contraseña exitosa','Recibirás un SMS con tu contraseña en el teléfono celular que registraste en el portal. Revísalo por favor',1,SYSDATE,'MIGRACION');
Insert into PSER_TC_RECHAZO_PULSSAR (ID_RECHAZO_PULSSAR,CV_RECHAZO_PULSSAR,CV_ORGANIZACION,CH_TITULO_MENSAJE,CH_MENSAJE,NU_ESTATUS,FC_CONTROL,CH_USUARIO_MODIFICADOR) values (704,'A20','552','Tu solicitud no fue aceptada','El Usuario capturado no corresponde al que recibiste vía correo.',1,SYSDATE,'MIGRACION');
Insert into PSER_TC_RECHAZO_PULSSAR (ID_RECHAZO_PULSSAR,CV_RECHAZO_PULSSAR,CV_ORGANIZACION,CH_TITULO_MENSAJE,CH_MENSAJE,NU_ESTATUS,FC_CONTROL,CH_USUARIO_MODIFICADOR) values (672,'OK05','552','Modificación del usuario correctamente','Los datos del trabajador se modificaron correctamente.',1,SYSDATE,'MIGRACION');
Insert into PSER_TC_RECHAZO_PULSSAR (ID_RECHAZO_PULSSAR,CV_RECHAZO_PULSSAR,CV_ORGANIZACION,CH_TITULO_MENSAJE,CH_MENSAJE,NU_ESTATUS,FC_CONTROL,CH_USUARIO_MODIFICADOR) values (673,'OK06','552','Baja de usuarios correctamente','Se realizó la baja de {datos} usuario(s) del portal de servicios.',1,SYSDATE,'MIGRACION');
Insert into PSER_TC_RECHAZO_PULSSAR (ID_RECHAZO_PULSSAR,CV_RECHAZO_PULSSAR,CV_ORGANIZACION,CH_TITULO_MENSAJE,CH_MENSAJE,NU_ESTATUS,FC_CONTROL,CH_USUARIO_MODIFICADOR) values (674,'OK07','552','Perfiles asignados correctamente','Se asignaron los perfiles correspondientes a {datos} usuario(s)',1,SYSDATE,'MIGRACION');
Insert into PSER_TC_RECHAZO_PULSSAR (ID_RECHAZO_PULSSAR,CV_RECHAZO_PULSSAR,CV_ORGANIZACION,CH_TITULO_MENSAJE,CH_MENSAJE,NU_ESTATUS,FC_CONTROL,CH_USUARIO_MODIFICADOR) values (675,'OK08','552','Correo corporativo guardado','El correo corporativo se guardo correctamente',1,SYSDATE,'MIGRACION');
Insert into PSER_TC_RECHAZO_PULSSAR (ID_RECHAZO_PULSSAR,CV_RECHAZO_PULSSAR,CV_ORGANIZACION,CH_TITULO_MENSAJE,CH_MENSAJE,NU_ESTATUS,FC_CONTROL,CH_USUARIO_MODIFICADOR) values (676,'OK09','552','Correo corporativo guardado','El correo corporativo fue actualizado',1,SYSDATE,'MIGRACION');
Insert into PSER_TC_RECHAZO_PULSSAR (ID_RECHAZO_PULSSAR,CV_RECHAZO_PULSSAR,CV_ORGANIZACION,CH_TITULO_MENSAJE,CH_MENSAJE,NU_ESTATUS,FC_CONTROL,CH_USUARIO_MODIFICADOR) values (677,'OK10','552','Activación exitosa','Tu cuenta ha sido activada exitosamente, Puedes ingresar la Plataforma de Servicios con tu Usuario y contraseña.',1,SYSDATE,'MIGRACION');
Insert into PSER_TC_RECHAZO_PULSSAR (ID_RECHAZO_PULSSAR,CV_RECHAZO_PULSSAR,CV_ORGANIZACION,CH_TITULO_MENSAJE,CH_MENSAJE,NU_ESTATUS,FC_CONTROL,CH_USUARIO_MODIFICADOR) values (678,'OK11','552','Desbloqueo exitoso','Se realizo el desbloqueo de usuarios exitosamente.',1,SYSDATE,'MIGRACION');
Insert into PSER_TC_RECHAZO_PULSSAR (ID_RECHAZO_PULSSAR,CV_RECHAZO_PULSSAR,CV_ORGANIZACION,CH_TITULO_MENSAJE,CH_MENSAJE,NU_ESTATUS,FC_CONTROL,CH_USUARIO_MODIFICADOR) values (679,'OK12','552','Reenvio correcto','Se realizo el reenvio de credenciales a {datos} usuario(s) exitosamente.',1,SYSDATE,'MIGRACION');
Insert into PSER_TC_RECHAZO_PULSSAR (ID_RECHAZO_PULSSAR,CV_RECHAZO_PULSSAR,CV_ORGANIZACION,CH_TITULO_MENSAJE,CH_MENSAJE,NU_ESTATUS,FC_CONTROL,CH_USUARIO_MODIFICADOR) values (680,'OK13','552','Código reenviado correctamente','Se realizó el reenvío del código vigente exitosamente.',1,SYSDATE,'MIGRACION');
Insert into PSER_TC_RECHAZO_PULSSAR (ID_RECHAZO_PULSSAR,CV_RECHAZO_PULSSAR,CV_ORGANIZACION,CH_TITULO_MENSAJE,CH_MENSAJE,NU_ESTATUS,FC_CONTROL,CH_USUARIO_MODIFICADOR) values (681,'OK16','552','Solicitud Exitosa','Se finalizo la atención del turno correctamente.',1,SYSDATE,'ADMINISTRACION_TURNOS');
Insert into PSER_TC_RECHAZO_PULSSAR (ID_RECHAZO_PULSSAR,CV_RECHAZO_PULSSAR,CV_ORGANIZACION,CH_TITULO_MENSAJE,CH_MENSAJE,NU_ESTATUS,FC_CONTROL,CH_USUARIO_MODIFICADOR) values (682,'OK17','552','Solicitud Exitosa','Se genero el folio ',1,SYSDATE,'ADMINISTRACION_TURNOS');
Insert into PSER_TC_RECHAZO_PULSSAR (ID_RECHAZO_PULSSAR,CV_RECHAZO_PULSSAR,CV_ORGANIZACION,CH_TITULO_MENSAJE,CH_MENSAJE,NU_ESTATUS,FC_CONTROL,CH_USUARIO_MODIFICADOR) values (683,'E001','552','Solicitud no procesada','No tiene asignado un turno para su atención. Favor de asignarse un turno para cotinuar el proceso.',1,SYSDATE,'ADMINISTRACION_TURNOS');
Insert into PSER_TC_RECHAZO_PULSSAR (ID_RECHAZO_PULSSAR,CV_RECHAZO_PULSSAR,CV_ORGANIZACION,CH_TITULO_MENSAJE,CH_MENSAJE,NU_ESTATUS,FC_CONTROL,CH_USUARIO_MODIFICADOR) values (684,'E002','552',' ','Turno pendiente por finalizar.',1,SYSDATE,'ADMINISTRACION_TURNOS');
Insert into PSER_TC_RECHAZO_PULSSAR (ID_RECHAZO_PULSSAR,CV_RECHAZO_PULSSAR,CV_ORGANIZACION,CH_TITULO_MENSAJE,CH_MENSAJE,NU_ESTATUS,FC_CONTROL,CH_USUARIO_MODIFICADOR) values (685,'A01','552','Tu solicitud no fue aceptada','La CURP del Agente no se encuentra registrada.',1,SYSDATE,'MIGRACION');
Insert into PSER_TC_RECHAZO_PULSSAR (ID_RECHAZO_PULSSAR,CV_RECHAZO_PULSSAR,CV_ORGANIZACION,CH_TITULO_MENSAJE,CH_MENSAJE,NU_ESTATUS,FC_CONTROL,CH_USUARIO_MODIFICADOR) values (686,'A02','552','Tu solicitud no fue aceptada','La Clave del Agente no se encuentra registrada.',1,SYSDATE,'MIGRACION');
Insert into PSER_TC_RECHAZO_PULSSAR (ID_RECHAZO_PULSSAR,CV_RECHAZO_PULSSAR,CV_ORGANIZACION,CH_TITULO_MENSAJE,CH_MENSAJE,NU_ESTATUS,FC_CONTROL,CH_USUARIO_MODIFICADOR) values (687,'A03','552','Tu solicitud no fue aceptada','La CURP del agente presenta diferencias con lo registrado.',1,SYSDATE,'MIGRACION');
Insert into PSER_TC_RECHAZO_PULSSAR (ID_RECHAZO_PULSSAR,CV_RECHAZO_PULSSAR,CV_ORGANIZACION,CH_TITULO_MENSAJE,CH_MENSAJE,NU_ESTATUS,FC_CONTROL,CH_USUARIO_MODIFICADOR) values (688,'A04','552','Tu solicitud no fue aceptada','El agente no se encuentra en un estatus válido para continuar.',1,SYSDATE,'MIGRACION');
Insert into PSER_TC_RECHAZO_PULSSAR (ID_RECHAZO_PULSSAR,CV_RECHAZO_PULSSAR,CV_ORGANIZACION,CH_TITULO_MENSAJE,CH_MENSAJE,NU_ESTATUS,FC_CONTROL,CH_USUARIO_MODIFICADOR) values (689,'A05','552','Tu solicitud no fue aceptada','Existen diferencias en el nombre del agente.',1,SYSDATE,'MIGRACION');
Insert into PSER_TC_RECHAZO_PULSSAR (ID_RECHAZO_PULSSAR,CV_RECHAZO_PULSSAR,CV_ORGANIZACION,CH_TITULO_MENSAJE,CH_MENSAJE,NU_ESTATUS,FC_CONTROL,CH_USUARIO_MODIFICADOR) values (690,'A06','552','Tu solicitud no fue aceptada','El usuario que intenta registrar ya existe.',1,SYSDATE,'MIGRACION');
Insert into PSER_TC_RECHAZO_PULSSAR (ID_RECHAZO_PULSSAR,CV_RECHAZO_PULSSAR,CV_ORGANIZACION,CH_TITULO_MENSAJE,CH_MENSAJE,NU_ESTATUS,FC_CONTROL,CH_USUARIO_MODIFICADOR) values (691,'A07','552','Tu solicitud no fue aceptada','El correo que intenta registrar ya existe.',1,SYSDATE,'MIGRACION');
Insert into PSER_TC_RECHAZO_PULSSAR (ID_RECHAZO_PULSSAR,CV_RECHAZO_PULSSAR,CV_ORGANIZACION,CH_TITULO_MENSAJE,CH_MENSAJE,NU_ESTATUS,FC_CONTROL,CH_USUARIO_MODIFICADOR) values (692,'A08','552','Tu solicitud no fue aceptada','El celular que intenta registrar ya existe.',1,SYSDATE,'MIGRACION');
Insert into PSER_TC_RECHAZO_PULSSAR (ID_RECHAZO_PULSSAR,CV_RECHAZO_PULSSAR,CV_ORGANIZACION,CH_TITULO_MENSAJE,CH_MENSAJE,NU_ESTATUS,FC_CONTROL,CH_USUARIO_MODIFICADOR) values (693,'A09','552','Tu solicitud no fue aceptada','El agente no se encuentra en un estatus válido para ',1,SYSDATE,'MIGRACION');
Insert into PSER_TC_RECHAZO_PULSSAR (ID_RECHAZO_PULSSAR,CV_RECHAZO_PULSSAR,CV_ORGANIZACION,CH_TITULO_MENSAJE,CH_MENSAJE,NU_ESTATUS,FC_CONTROL,CH_USUARIO_MODIFICADOR) values (694,'A10','552','Tu solicitud no fue aceptada','El password es incorrecto.',1,SYSDATE,'MIGRACION');
Insert into PSER_TC_RECHAZO_PULSSAR (ID_RECHAZO_PULSSAR,CV_RECHAZO_PULSSAR,CV_ORGANIZACION,CH_TITULO_MENSAJE,CH_MENSAJE,NU_ESTATUS,FC_CONTROL,CH_USUARIO_MODIFICADOR) values (695,'A11','552','Tu solicitud no fue aceptada','El usuario no existe.',1,SYSDATE,'MIGRACION');
Insert into PSER_TC_RECHAZO_PULSSAR (ID_RECHAZO_PULSSAR,CV_RECHAZO_PULSSAR,CV_ORGANIZACION,CH_TITULO_MENSAJE,CH_MENSAJE,NU_ESTATUS,FC_CONTROL,CH_USUARIO_MODIFICADOR) values (696,'A12','552','Tu solicitud no fue aceptada','El correo corporativo es invalido.',1,SYSDATE,'MIGRACION');
Insert into PSER_TC_RECHAZO_PULSSAR (ID_RECHAZO_PULSSAR,CV_RECHAZO_PULSSAR,CV_ORGANIZACION,CH_TITULO_MENSAJE,CH_MENSAJE,NU_ESTATUS,FC_CONTROL,CH_USUARIO_MODIFICADOR) values (697,'A13','552','Tu solicitud no fue aceptada','El correo electronico debe ser igual al usuario.',1,SYSDATE,'MIGRACION');
Insert into PSER_TC_RECHAZO_PULSSAR (ID_RECHAZO_PULSSAR,CV_RECHAZO_PULSSAR,CV_ORGANIZACION,CH_TITULO_MENSAJE,CH_MENSAJE,NU_ESTATUS,FC_CONTROL,CH_USUARIO_MODIFICADOR) values (698,'A14','552','Tu solicitud no fue aceptada','El correo electronico es distinto al que se encuentra registrado',1,SYSDATE,'MIGRACION');
Insert into PSER_TC_RECHAZO_PULSSAR (ID_RECHAZO_PULSSAR,CV_RECHAZO_PULSSAR,CV_ORGANIZACION,CH_TITULO_MENSAJE,CH_MENSAJE,NU_ESTATUS,FC_CONTROL,CH_USUARIO_MODIFICADOR) values (699,'A15','552','Tu solicitud no fue aceptada','El telefono es distinto al que se encuentra registrado',1,SYSDATE,'MIGRACION');
Insert into PSER_TC_RECHAZO_PULSSAR (ID_RECHAZO_PULSSAR,CV_RECHAZO_PULSSAR,CV_ORGANIZACION,CH_TITULO_MENSAJE,CH_MENSAJE,NU_ESTATUS,FC_CONTROL,CH_USUARIO_MODIFICADOR) values (700,'A16','552','Tu solicitud no fue aceptada','La fecha del codigo se encuentra vigente.',1,SYSDATE,'MIGRACION');
Insert into PSER_TC_RECHAZO_PULSSAR (ID_RECHAZO_PULSSAR,CV_RECHAZO_PULSSAR,CV_ORGANIZACION,CH_TITULO_MENSAJE,CH_MENSAJE,NU_ESTATUS,FC_CONTROL,CH_USUARIO_MODIFICADOR) values (701,'A17','552','Tu solicitud no fue aceptada','El codigo que intenta utilizar se encuentra usado.',1,SYSDATE,'MIGRACION');
Insert into PSER_TC_RECHAZO_PULSSAR (ID_RECHAZO_PULSSAR,CV_RECHAZO_PULSSAR,CV_ORGANIZACION,CH_TITULO_MENSAJE,CH_MENSAJE,NU_ESTATUS,FC_CONTROL,CH_USUARIO_MODIFICADOR) values (702,'A18','552','Tu solicitud no fue aceptada','El codigo que intenta utilizar se encuentra vencido.',1,SYSDATE,'MIGRACION');
Insert into PSER_TC_RECHAZO_PULSSAR (ID_RECHAZO_PULSSAR,CV_RECHAZO_PULSSAR,CV_ORGANIZACION,CH_TITULO_MENSAJE,CH_MENSAJE,NU_ESTATUS,FC_CONTROL,CH_USUARIO_MODIFICADOR) values (703,'A19','552','Tu solicitud no fue aceptada','El codigo que intenta utilizar se encuentra bloquedo.',1,SYSDATE,'MIGRACION');
Insert into PSER_TC_RECHAZO_PULSSAR (ID_RECHAZO_PULSSAR,CV_RECHAZO_PULSSAR,CV_ORGANIZACION,CH_TITULO_MENSAJE,CH_MENSAJE,NU_ESTATUS,FC_CONTROL,CH_USUARIO_MODIFICADOR) values (705,'A21','552','Error al buscar agente','El agente que solicito no exite',1,SYSDATE,'MIGRACION');
Insert into PSER_TC_RECHAZO_PULSSAR (ID_RECHAZO_PULSSAR,CV_RECHAZO_PULSSAR,CV_ORGANIZACION,CH_TITULO_MENSAJE,CH_MENSAJE,NU_ESTATUS,FC_CONTROL,CH_USUARIO_MODIFICADOR) values (706,'C001','552','Falta expediente','El usuario no cuenta con expediente de identificacion y enrolamiento',1,SYSDATE,'MIGRACION');
Insert into PSER_TC_RECHAZO_PULSSAR (ID_RECHAZO_PULSSAR,CV_RECHAZO_PULSSAR,CV_ORGANIZACION,CH_TITULO_MENSAJE,CH_MENSAJE,NU_ESTATUS,FC_CONTROL,CH_USUARIO_MODIFICADOR) values (707,'C002','552','Falta expediente','El usuario no cuenta con enrolamiento',1,SYSDATE,'MIGRACION');
Insert into PSER_TC_RECHAZO_PULSSAR (ID_RECHAZO_PULSSAR,CV_RECHAZO_PULSSAR,CV_ORGANIZACION,CH_TITULO_MENSAJE,CH_MENSAJE,NU_ESTATUS,FC_CONTROL,CH_USUARIO_MODIFICADOR) values (708,'C003','552','Falta expediente','El usuario no cuenta con expediente de identificacion',1,SYSDATE,'MIGRACION');
Insert into PSER_TC_RECHAZO_PULSSAR (ID_RECHAZO_PULSSAR,CV_RECHAZO_PULSSAR,CV_ORGANIZACION,CH_TITULO_MENSAJE,CH_MENSAJE,NU_ESTATUS,FC_CONTROL,CH_USUARIO_MODIFICADOR) values (709,'C004','552','Trabajador no encontrado','Con los datos proporcionados no se encontro registro',1,SYSDATE,'MIGRACION');
Insert into PSER_TC_RECHAZO_PULSSAR (ID_RECHAZO_PULSSAR,CV_RECHAZO_PULSSAR,CV_ORGANIZACION,CH_TITULO_MENSAJE,CH_MENSAJE,NU_ESTATUS,FC_CONTROL,CH_USUARIO_MODIFICADOR) values (710,'C005','552','Solicitud no aceptada','El trabajador no pertenece a la misma afore',1,SYSDATE,'MIGRACION');
Insert into PSER_TC_RECHAZO_PULSSAR (ID_RECHAZO_PULSSAR,CV_RECHAZO_PULSSAR,CV_ORGANIZACION,CH_TITULO_MENSAJE,CH_MENSAJE,NU_ESTATUS,FC_CONTROL,CH_USUARIO_MODIFICADOR) values (711,'C006','552','Trabajador no válido','El trabajador encontrado se encuentra como asignado',1,SYSDATE,'MIGRACION');
Insert into PSER_TC_RECHAZO_PULSSAR (ID_RECHAZO_PULSSAR,CV_RECHAZO_PULSSAR,CV_ORGANIZACION,CH_TITULO_MENSAJE,CH_MENSAJE,NU_ESTATUS,FC_CONTROL,CH_USUARIO_MODIFICADOR) values (712,'C007','552','Datos incongruentes','Se encontraron diferencias en los datos',1,SYSDATE,'MIGRACION');
Insert into PSER_TC_RECHAZO_PULSSAR (ID_RECHAZO_PULSSAR,CV_RECHAZO_PULSSAR,CV_ORGANIZACION,CH_TITULO_MENSAJE,CH_MENSAJE,NU_ESTATUS,FC_CONTROL,CH_USUARIO_MODIFICADOR) values (713,'C008','552','CUS no encontrada','Con los datos proporcionados no se encontro registro',1,SYSDATE,'ADMINISTRACION_TURNOS');
Insert into PSER_TC_RECHAZO_PULSSAR (ID_RECHAZO_PULSSAR,CV_RECHAZO_PULSSAR,CV_ORGANIZACION,CH_TITULO_MENSAJE,CH_MENSAJE,NU_ESTATUS,FC_CONTROL,CH_USUARIO_MODIFICADOR) values (714,'F001','552','Folio Activo','Se encuentra un folio activo, ¿Desea continuar con la atención de ese Folio?',1,SYSDATE,'MIGRACION');
Insert into PSER_TC_RECHAZO_PULSSAR (ID_RECHAZO_PULSSAR,CV_RECHAZO_PULSSAR,CV_ORGANIZACION,CH_TITULO_MENSAJE,CH_MENSAJE,NU_ESTATUS,FC_CONTROL,CH_USUARIO_MODIFICADOR) values (715,'G001','552','Tu solicitud no fue aceptada','Por el momento no es posible validar tu solicitud. Por favor, inténtalo más tarde.',1,SYSDATE,'MIGRACION');
Insert into PSER_TC_RECHAZO_PULSSAR (ID_RECHAZO_PULSSAR,CV_RECHAZO_PULSSAR,CV_ORGANIZACION,CH_TITULO_MENSAJE,CH_MENSAJE,NU_ESTATUS,FC_CONTROL,CH_USUARIO_MODIFICADOR) values (716,'G002','552','Tu solicitud no fue aceptada','Los campos requeridos son obligatorios, favor de capturarlos.',1,SYSDATE,'MIGRACION');
Insert into PSER_TC_RECHAZO_PULSSAR (ID_RECHAZO_PULSSAR,CV_RECHAZO_PULSSAR,CV_ORGANIZACION,CH_TITULO_MENSAJE,CH_MENSAJE,NU_ESTATUS,FC_CONTROL,CH_USUARIO_MODIFICADOR) values (717,'G003','552','Tu solicitud no fue aceptada','La estructura de la CURP es inválida, favor de verificar.',1,SYSDATE,'MIGRACION');
Insert into PSER_TC_RECHAZO_PULSSAR (ID_RECHAZO_PULSSAR,CV_RECHAZO_PULSSAR,CV_ORGANIZACION,CH_TITULO_MENSAJE,CH_MENSAJE,NU_ESTATUS,FC_CONTROL,CH_USUARIO_MODIFICADOR) values (718,'G004','552','Tu solicitud no fue aceptada','El NAP capturado no es válido, favor de verificar.',1,SYSDATE,'MIGRACION');
Insert into PSER_TC_RECHAZO_PULSSAR (ID_RECHAZO_PULSSAR,CV_RECHAZO_PULSSAR,CV_ORGANIZACION,CH_TITULO_MENSAJE,CH_MENSAJE,NU_ESTATUS,FC_CONTROL,CH_USUARIO_MODIFICADOR) values (719,'G005','552','Tu solicitud no fue aceptada','El agente que intenta buscar buscar no es valido',1,SYSDATE,'MIGRACION');
Insert into PSER_TC_RECHAZO_PULSSAR (ID_RECHAZO_PULSSAR,CV_RECHAZO_PULSSAR,CV_ORGANIZACION,CH_TITULO_MENSAJE,CH_MENSAJE,NU_ESTATUS,FC_CONTROL,CH_USUARIO_MODIFICADOR) values (720,'G006','552','Tu solicitud no fue aceptada','El estatus del agente no es valido',1,SYSDATE,'MIGRACION');
Insert into PSER_TC_RECHAZO_PULSSAR (ID_RECHAZO_PULSSAR,CV_RECHAZO_PULSSAR,CV_ORGANIZACION,CH_TITULO_MENSAJE,CH_MENSAJE,NU_ESTATUS,FC_CONTROL,CH_USUARIO_MODIFICADOR) values (721,'G007','552','Tu solicitud no fue aceptada','La estructura es incorrecta',1,SYSDATE,'MIGRACION');
Insert into PSER_TC_RECHAZO_PULSSAR (ID_RECHAZO_PULSSAR,CV_RECHAZO_PULSSAR,CV_ORGANIZACION,CH_TITULO_MENSAJE,CH_MENSAJE,NU_ESTATUS,FC_CONTROL,CH_USUARIO_MODIFICADOR) values (722,'G008','552','Tu solicitud no fue aceptada','La estructura del correo es incorrecta',1,SYSDATE,'MIGRACION');
Insert into PSER_TC_RECHAZO_PULSSAR (ID_RECHAZO_PULSSAR,CV_RECHAZO_PULSSAR,CV_ORGANIZACION,CH_TITULO_MENSAJE,CH_MENSAJE,NU_ESTATUS,FC_CONTROL,CH_USUARIO_MODIFICADOR) values (723,'G009','552','Tu solicitud no fue aceptada','El codigo que intenta utilizar no es valido',1,SYSDATE,'MIGRACION');
Insert into PSER_TC_RECHAZO_PULSSAR (ID_RECHAZO_PULSSAR,CV_RECHAZO_PULSSAR,CV_ORGANIZACION,CH_TITULO_MENSAJE,CH_MENSAJE,NU_ESTATUS,FC_CONTROL,CH_USUARIO_MODIFICADOR) values (724,'G010','552','Tu solicitud no fue aceptada','Por el momento no es posible validar tu solicitud.',1,SYSDATE,'MIGRACION');
Insert into PSER_TC_RECHAZO_PULSSAR (ID_RECHAZO_PULSSAR,CV_RECHAZO_PULSSAR,CV_ORGANIZACION,CH_TITULO_MENSAJE,CH_MENSAJE,NU_ESTATUS,FC_CONTROL,CH_USUARIO_MODIFICADOR) values (725,'G011','552','Tu solicitud no fue aceptada','La contraseña capturada debe ser igual a la confirmación de la contraseña, intenta nuevamente.',1,SYSDATE,'MIGRACION');
Insert into PSER_TC_RECHAZO_PULSSAR (ID_RECHAZO_PULSSAR,CV_RECHAZO_PULSSAR,CV_ORGANIZACION,CH_TITULO_MENSAJE,CH_MENSAJE,NU_ESTATUS,FC_CONTROL,CH_USUARIO_MODIFICADOR) values (726,'G012','552','Solicitud no procesada','Favor de seleccionar un usuario para continuar con el proceso',1,SYSDATE,'MIGRACION');
Insert into PSER_TC_RECHAZO_PULSSAR (ID_RECHAZO_PULSSAR,CV_RECHAZO_PULSSAR,CV_ORGANIZACION,CH_TITULO_MENSAJE,CH_MENSAJE,NU_ESTATUS,FC_CONTROL,CH_USUARIO_MODIFICADOR) values (727,'G013','552','Solicitud no procesada','Favor de seleccionar un usuario o rol para continuar con el proceso',1,SYSDATE,'MIGRACION');
Insert into PSER_TC_RECHAZO_PULSSAR (ID_RECHAZO_PULSSAR,CV_RECHAZO_PULSSAR,CV_ORGANIZACION,CH_TITULO_MENSAJE,CH_MENSAJE,NU_ESTATUS,FC_CONTROL,CH_USUARIO_MODIFICADOR) values (728,'G014','552','Solicitud no procesada','Favor de capturar la curp o el nss, para continuar con la consulta',1,SYSDATE,'MIGRACION');
Insert into PSER_TC_RECHAZO_PULSSAR (ID_RECHAZO_PULSSAR,CV_RECHAZO_PULSSAR,CV_ORGANIZACION,CH_TITULO_MENSAJE,CH_MENSAJE,NU_ESTATUS,FC_CONTROL,CH_USUARIO_MODIFICADOR) values (729,'G015','552','Error Hora Entrada','La hora de entrada es obligatorio, favor de capturarlo.',1,SYSDATE,'MIGRACION');
Insert into PSER_TC_RECHAZO_PULSSAR (ID_RECHAZO_PULSSAR,CV_RECHAZO_PULSSAR,CV_ORGANIZACION,CH_TITULO_MENSAJE,CH_MENSAJE,NU_ESTATUS,FC_CONTROL,CH_USUARIO_MODIFICADOR) values (730,'G018','552','Usuario Bloqueado','Usuario bloqueado, Favor de validar con su administrador.',1,SYSDATE,'MIGRACION');
Insert into PSER_TC_RECHAZO_PULSSAR (ID_RECHAZO_PULSSAR,CV_RECHAZO_PULSSAR,CV_ORGANIZACION,CH_TITULO_MENSAJE,CH_MENSAJE,NU_ESTATUS,FC_CONTROL,CH_USUARIO_MODIFICADOR) values (731,'G019','552','Solicitud no procesada','Favor de capturar el usuario para cotinuar el proceso.',1,SYSDATE,'MIGRACION');
Insert into PSER_TC_RECHAZO_PULSSAR (ID_RECHAZO_PULSSAR,CV_RECHAZO_PULSSAR,CV_ORGANIZACION,CH_TITULO_MENSAJE,CH_MENSAJE,NU_ESTATUS,FC_CONTROL,CH_USUARIO_MODIFICADOR) values (732,'G021','552','Solicitud no procesada','No cuenta con un codigo vigente, solicite uno nuevo con su adminsitrador de afore.',1,SYSDATE,'MIGRACION');
Insert into PSER_TC_RECHAZO_PULSSAR (ID_RECHAZO_PULSSAR,CV_RECHAZO_PULSSAR,CV_ORGANIZACION,CH_TITULO_MENSAJE,CH_MENSAJE,NU_ESTATUS,FC_CONTROL,CH_USUARIO_MODIFICADOR) values (733,'G022','552','Solicitud no procesada','No cuenta con un codigo vigente, realice nuevamente el proceso de recuperacion de password.',1,SYSDATE,'MIGRACION');
Insert into PSER_TC_RECHAZO_PULSSAR (ID_RECHAZO_PULSSAR,CV_RECHAZO_PULSSAR,CV_ORGANIZACION,CH_TITULO_MENSAJE,CH_MENSAJE,NU_ESTATUS,FC_CONTROL,CH_USUARIO_MODIFICADOR) values (734,'P01','552','Tu solicitud no fue aceptada','El usuario no pudo ser generado por que ya existe.',1,SYSDATE,'MIGRACION');
Insert into PSER_TC_RECHAZO_PULSSAR (ID_RECHAZO_PULSSAR,CV_RECHAZO_PULSSAR,CV_ORGANIZACION,CH_TITULO_MENSAJE,CH_MENSAJE,NU_ESTATUS,FC_CONTROL,CH_USUARIO_MODIFICADOR) values (735,'P04','552','Tu solicitud no fue aceptada','Usuario inactivo, Favor de validar con su administrador',1,SYSDATE,'MIGRACION');
Insert into PSER_TC_RECHAZO_PULSSAR (ID_RECHAZO_PULSSAR,CV_RECHAZO_PULSSAR,CV_ORGANIZACION,CH_TITULO_MENSAJE,CH_MENSAJE,NU_ESTATUS,FC_CONTROL,CH_USUARIO_MODIFICADOR) values (736,'P07','552','Tu solicitud no fue aceptada','El código de confirmación que ingresaste no corresponde al que recibiste vía mensaje de texto.',1,SYSDATE,'MIGRACION');
Insert into PSER_TC_RECHAZO_PULSSAR (ID_RECHAZO_PULSSAR,CV_RECHAZO_PULSSAR,CV_ORGANIZACION,CH_TITULO_MENSAJE,CH_MENSAJE,NU_ESTATUS,FC_CONTROL,CH_USUARIO_MODIFICADOR) values (737,'035','552','Tu solicitud no fue aceptada','La contraseña que ingresaste no cumple con las características necesarias',1,SYSDATE,'MIGRACION');
Insert into PSER_TC_RECHAZO_PULSSAR (ID_RECHAZO_PULSSAR,CV_RECHAZO_PULSSAR,CV_ORGANIZACION,CH_TITULO_MENSAJE,CH_MENSAJE,NU_ESTATUS,FC_CONTROL,CH_USUARIO_MODIFICADOR) values (744,'C009','552','Cita no encontrada','No se encontro ninguna cita vigente o activa',1,SYSDATE,'ADMINISTRACION_TURNOS');
Insert into PSER_TC_RECHAZO_PULSSAR (ID_RECHAZO_PULSSAR,CV_RECHAZO_PULSSAR,CV_ORGANIZACION,CH_TITULO_MENSAJE,CH_MENSAJE,NU_ESTATUS,FC_CONTROL,CH_USUARIO_MODIFICADOR) values (669,'OK02','552','Registro de Usuario correctamente','Se le notificó al usuario por medio del correo electrónico el alta al portal y los pasos a seguir para acceder.',1,SYSDATE,'MIGRACION');
Insert into PSER_TC_RECHAZO_PULSSAR (ID_RECHAZO_PULSSAR,CV_RECHAZO_PULSSAR,CV_ORGANIZACION,CH_TITULO_MENSAJE,CH_MENSAJE,NU_ESTATUS,FC_CONTROL,CH_USUARIO_MODIFICADOR) values (670,'OK03','552','Recuperación de contraseña exitosa','Recibirás un mail con tu contraseña en el correo electrónico que registraste en el portal. Revísalo por favor',1,SYSDATE,'MIGRACION');
Insert into PSER_TC_RECHAZO_PULSSAR (ID_RECHAZO_PULSSAR,CV_RECHAZO_PULSSAR,CV_ORGANIZACION,CH_TITULO_MENSAJE,CH_MENSAJE,NU_ESTATUS,FC_CONTROL,CH_USUARIO_MODIFICADOR) values (668,'OK01','552','Usuario registrado correctamente','Favor de contactar a tu administrador de AFORE para continuar tu alta.',1,SYSDATE,'MIGRACION');



--PSER_TR_CODIGO_CONFIMA_PULSSAR--
INSERT INTO PSER_TR_CODIGO_CONFIMA_PULSSAR (ID_CODIGO_CONFIMA_PULSSAR,ID_USUARIO_PULSSAR,CH_FOLIO,CH_CODIGO_CONFIRMACION,NU_ESTATUS,CH_TIPO_CODIGO,FC_VIGENCIA,FC_USO,FC_CONTROL,CH_USUARIO_MODIFICADOR,NU_INTENTOS) VALUES (1,3,'12123136208013045505','7351',0,'01',parsedatetime('21-08-2019','dd-MM-yyyy'),parsedatetime('21-06-2019','dd-MM-yyyy'),parsedatetime('21-03-2019','dd-MM-yyyy'),'PRUEBA',0);
INSERT INTO PSER_TR_CODIGO_CONFIMA_PULSSAR (ID_CODIGO_CONFIMA_PULSSAR,ID_USUARIO_PULSSAR,CH_FOLIO,CH_CODIGO_CONFIRMACION,NU_ESTATUS,CH_TIPO_CODIGO,FC_VIGENCIA,FC_USO,FC_CONTROL,CH_USUARIO_MODIFICADOR,NU_INTENTOS) VALUES (2,7,'12123136208013045506','7352',0,'02',parsedatetime('21-08-2019','dd-MM-yyyy'),parsedatetime('21-06-2019','dd-MM-yyyy'),parsedatetime('21-03-2019','dd-MM-yyyy'),'PRUEBA',0);
INSERT INTO PSER_TR_CODIGO_CONFIMA_PULSSAR (ID_CODIGO_CONFIMA_PULSSAR,ID_USUARIO_PULSSAR,CH_FOLIO,CH_CODIGO_CONFIRMACION,NU_ESTATUS,CH_TIPO_CODIGO,FC_VIGENCIA,FC_USO,FC_CONTROL,CH_USUARIO_MODIFICADOR,NU_INTENTOS) VALUES (3,13,'12123136208013045507','7353',0,'01',parsedatetime('21-08-2019','dd-MM-yyyy'),parsedatetime('21-06-2019','dd-MM-yyyy'),parsedatetime('21-03-2019','dd-MM-yyyy'),'PRUEBA',0);
INSERT INTO PSER_TR_CODIGO_CONFIMA_PULSSAR (ID_CODIGO_CONFIMA_PULSSAR,ID_USUARIO_PULSSAR,CH_FOLIO,CH_CODIGO_CONFIRMACION,NU_ESTATUS,CH_TIPO_CODIGO,FC_VIGENCIA,FC_USO,FC_CONTROL,CH_USUARIO_MODIFICADOR,NU_INTENTOS) VALUES (4,15,'12123136208013045508','7354',0,'01',parsedatetime('21-08-2019','dd-MM-yyyy'),parsedatetime('21-06-2019','dd-MM-yyyy'),parsedatetime('21-03-2019','dd-MM-yyyy'),'PRUEBA',0);
INSERT INTO PSER_TR_CODIGO_CONFIMA_PULSSAR (ID_CODIGO_CONFIMA_PULSSAR,ID_USUARIO_PULSSAR,CH_FOLIO,CH_CODIGO_CONFIRMACION,NU_ESTATUS,CH_TIPO_CODIGO,FC_VIGENCIA,FC_USO,FC_CONTROL,CH_USUARIO_MODIFICADOR,NU_INTENTOS) VALUES (5,16,'12123136208013045509','7355',1,'01',parsedatetime('21-08-2019','dd-MM-yyyy'),parsedatetime('21-06-2019','dd-MM-yyyy'),parsedatetime('21-03-2019','dd-MM-yyyy'),'PRUEBA',0);
INSERT INTO PSER_TR_CODIGO_CONFIMA_PULSSAR (ID_CODIGO_CONFIMA_PULSSAR,ID_USUARIO_PULSSAR,CH_FOLIO,CH_CODIGO_CONFIRMACION,NU_ESTATUS,CH_TIPO_CODIGO,FC_VIGENCIA,FC_USO,FC_CONTROL,CH_USUARIO_MODIFICADOR,NU_INTENTOS) VALUES (6,17,'12123136208013045510','7356',2,'01',parsedatetime('21-08-2019','dd-MM-yyyy'),parsedatetime('21-06-2019','dd-MM-yyyy'),parsedatetime('21-03-2019','dd-MM-yyyy'),'PRUEBA',0);
INSERT INTO PSER_TR_CODIGO_CONFIMA_PULSSAR (ID_CODIGO_CONFIMA_PULSSAR,ID_USUARIO_PULSSAR,CH_FOLIO,CH_CODIGO_CONFIRMACION,NU_ESTATUS,CH_TIPO_CODIGO,FC_VIGENCIA,FC_USO,FC_CONTROL,CH_USUARIO_MODIFICADOR,NU_INTENTOS) VALUES (7,18,'12123136208013045511','7357',3,'01',parsedatetime('21-08-2019','dd-MM-yyyy'),parsedatetime('21-06-2019','dd-MM-yyyy'),parsedatetime('21-03-2019','dd-MM-yyyy'),'PRUEBA',0);
INSERT INTO PSER_TR_CODIGO_CONFIMA_PULSSAR (ID_CODIGO_CONFIMA_PULSSAR,ID_USUARIO_PULSSAR,CH_FOLIO,CH_CODIGO_CONFIRMACION,NU_ESTATUS,CH_TIPO_CODIGO,FC_VIGENCIA,FC_USO,FC_CONTROL,CH_USUARIO_MODIFICADOR,NU_INTENTOS) VALUES (8,19,'12123136208013045512','7358',0,'01',parsedatetime('21-05-2019','dd-MM-yyyy'),parsedatetime('21-06-2019','dd-MM-yyyy'),parsedatetime('21-03-2019','dd-MM-yyyy'),'PRUEBA',0);
INSERT INTO PSER_TR_CODIGO_CONFIMA_PULSSAR (ID_CODIGO_CONFIMA_PULSSAR,ID_USUARIO_PULSSAR,CH_FOLIO,CH_CODIGO_CONFIRMACION,NU_ESTATUS,CH_TIPO_CODIGO,FC_VIGENCIA,FC_USO,FC_CONTROL,CH_USUARIO_MODIFICADOR,NU_INTENTOS) VALUES (9,20,'12123136208013045513','7920',0,'02',parsedatetime('21-05-2019','dd-MM-yyyy'),parsedatetime('21-06-2019','dd-MM-yyyy'),parsedatetime('21-03-2019','dd-MM-yyyy'),'PRUEBA',0);
INSERT INTO PSER_TR_CODIGO_CONFIMA_PULSSAR (ID_CODIGO_CONFIMA_PULSSAR,ID_USUARIO_PULSSAR,CH_FOLIO,CH_CODIGO_CONFIRMACION,NU_ESTATUS,CH_TIPO_CODIGO,FC_VIGENCIA,FC_USO,FC_CONTROL,CH_USUARIO_MODIFICADOR,NU_INTENTOS) VALUES (10,25,'12123136208013045513','7921',0,'02',parsedatetime('21-09-2019','dd-MM-yyyy'),parsedatetime('21-06-2019','dd-MM-yyyy'),parsedatetime('21-03-2019','dd-MM-yyyy'),'PRUEBA',0);
INSERT INTO PSER_TR_CODIGO_CONFIMA_PULSSAR (ID_CODIGO_CONFIMA_PULSSAR,ID_USUARIO_PULSSAR,CH_FOLIO,CH_CODIGO_CONFIRMACION,NU_ESTATUS,CH_TIPO_CODIGO,FC_VIGENCIA,FC_USO,FC_CONTROL,CH_USUARIO_MODIFICADOR,NU_INTENTOS) VALUES (11,32,'12123136208013045514','7922',0,'01',parsedatetime('21-03-2019','dd-MM-yyyy'),parsedatetime('21-06-2019','dd-MM-yyyy'),parsedatetime('21-03-2019','dd-MM-yyyy'),'PRUEBA',0);
INSERT INTO PSER_TR_CODIGO_CONFIMA_PULSSAR (ID_CODIGO_CONFIMA_PULSSAR,ID_USUARIO_PULSSAR,CH_FOLIO,CH_CODIGO_CONFIRMACION,NU_ESTATUS,CH_TIPO_CODIGO,FC_VIGENCIA,FC_USO,FC_CONTROL,CH_USUARIO_MODIFICADOR,NU_INTENTOS) VALUES (12,33,'12123136208013045515','7923',0,'01',parsedatetime('21-03-2019','dd-MM-yyyy'),parsedatetime('21-06-2019','dd-MM-yyyy'),parsedatetime('21-03-2019','dd-MM-yyyy'),'PRUEBA',0);
INSERT INTO PSER_TR_CODIGO_CONFIMA_PULSSAR (ID_CODIGO_CONFIMA_PULSSAR,ID_USUARIO_PULSSAR,CH_FOLIO,CH_CODIGO_CONFIRMACION,NU_ESTATUS,CH_TIPO_CODIGO,FC_VIGENCIA,FC_USO,FC_CONTROL,CH_USUARIO_MODIFICADOR,NU_INTENTOS) VALUES (13,37,'12123136208013045516','8767',0,'01',parsedatetime('21-03-2019','dd-MM-yyyy'),parsedatetime('21-06-2019','dd-MM-yyyy'),parsedatetime('21-03-2019','dd-MM-yyyy'),'PRUEBA',0);
INSERT INTO PSER_TR_CODIGO_CONFIMA_PULSSAR (ID_CODIGO_CONFIMA_PULSSAR,ID_USUARIO_PULSSAR,CH_FOLIO,CH_CODIGO_CONFIRMACION,NU_ESTATUS,CH_TIPO_CODIGO,FC_VIGENCIA,FC_USO,FC_CONTROL,CH_USUARIO_MODIFICADOR,NU_INTENTOS) VALUES (14,38,'12123136208013045517','9879',0,'01',parsedatetime('21-03-2019','dd-MM-yyyy'),parsedatetime('21-06-2019','dd-MM-yyyy'),parsedatetime('21-03-2019','dd-MM-yyyy'),'PRUEBA',0);
INSERT INTO PSER_TR_CODIGO_CONFIMA_PULSSAR (ID_CODIGO_CONFIMA_PULSSAR,ID_USUARIO_PULSSAR,CH_FOLIO,CH_CODIGO_CONFIRMACION,NU_ESTATUS,CH_TIPO_CODIGO,FC_VIGENCIA,FC_USO,FC_CONTROL,CH_USUARIO_MODIFICADOR,NU_INTENTOS) VALUES (15,41,'12123136208013045518','9880',0,'01',parsedatetime('21-03-2020','dd-MM-yyyy'),parsedatetime('21-11-2020','dd-MM-yyyy'),parsedatetime('21-03-2019','dd-MM-yyyy'),'PRUEBA',0);
INSERT INTO PSER_TR_CODIGO_CONFIMA_PULSSAR (ID_CODIGO_CONFIMA_PULSSAR,ID_USUARIO_PULSSAR,CH_FOLIO,CH_CODIGO_CONFIRMACION,NU_ESTATUS,CH_TIPO_CODIGO,FC_VIGENCIA,FC_USO,FC_CONTROL,CH_USUARIO_MODIFICADOR,NU_INTENTOS) VALUES (16,42,'12123136208013045519','9881',0,'02',parsedatetime('21-03-2020','dd-MM-yyyy'),parsedatetime('21-11-2020','dd-MM-yyyy'),parsedatetime('21-03-2019','dd-MM-yyyy'),'PRUEBA',0);

--PSER_TR_BLOQUEO_USER_PULSSAR--
INSERT INTO PSER_TR_BLOQUEO_USER_PULSSAR (ID_BLOQUEO_USER_PULSSAR,ID_USUARIO_PULSSAR,FC_VIGENCIA,CH_ESATUS,NU_INTENTOS,FC_CONTROL,CH_USUARIO_MODIFICADOR) VALUES (1,21,null,'00',2,parsedatetime('21-05-2019','dd-MM-yyyy'),'usuario_bloqueo');
INSERT INTO PSER_TR_BLOQUEO_USER_PULSSAR (ID_BLOQUEO_USER_PULSSAR,ID_USUARIO_PULSSAR,FC_VIGENCIA,CH_ESATUS,NU_INTENTOS,FC_CONTROL,CH_USUARIO_MODIFICADOR) VALUES (2,22,null,'01',3,parsedatetime('21-05-2019','dd-MM-yyyy'),'usuario_bloqueo');
INSERT INTO PSER_TR_BLOQUEO_USER_PULSSAR (ID_BLOQUEO_USER_PULSSAR,ID_USUARIO_PULSSAR,FC_VIGENCIA,CH_ESATUS,NU_INTENTOS,FC_CONTROL,CH_USUARIO_MODIFICADOR) VALUES (3,24,parsedatetime('21-05-2019','dd-MM-yyyy'),'01',3,parsedatetime('21-05-2019','dd-MM-yyyy'),'usuario_bloqueo');
INSERT INTO PSER_TR_BLOQUEO_USER_PULSSAR (ID_BLOQUEO_USER_PULSSAR,ID_USUARIO_PULSSAR,FC_VIGENCIA,CH_ESATUS,NU_INTENTOS,FC_CONTROL,CH_USUARIO_MODIFICADOR) VALUES (4,26,parsedatetime('21-09-2019','dd-MM-yyyy'),'01',3,parsedatetime('21-05-2019','dd-MM-yyyy'),'usuario_bloqueo');
INSERT INTO PSER_TR_BLOQUEO_USER_PULSSAR (ID_BLOQUEO_USER_PULSSAR,ID_USUARIO_PULSSAR,FC_VIGENCIA,CH_ESATUS,NU_INTENTOS,FC_CONTROL,CH_USUARIO_MODIFICADOR) VALUES (5,27,parsedatetime('21-09-2019','dd-MM-yyyy'),'02',3,parsedatetime('21-05-2019','dd-MM-yyyy'),'usuario_bloqueo');
INSERT INTO PSER_TR_BLOQUEO_USER_PULSSAR (ID_BLOQUEO_USER_PULSSAR,ID_USUARIO_PULSSAR,FC_VIGENCIA,CH_ESATUS,NU_INTENTOS,FC_CONTROL,CH_USUARIO_MODIFICADOR) VALUES (6,29,null,'00',1,parsedatetime('21-05-2019','dd-MM-yyyy'),'usuario_bloqueo');
INSERT INTO PSER_TR_BLOQUEO_USER_PULSSAR (ID_BLOQUEO_USER_PULSSAR,ID_USUARIO_PULSSAR,FC_VIGENCIA,CH_ESATUS,NU_INTENTOS,FC_CONTROL,CH_USUARIO_MODIFICADOR) VALUES (7,35,null,'01',1,parsedatetime('21-05-2019','dd-MM-yyyy'),'usuario_bloqueo');
INSERT INTO PSER_TR_BLOQUEO_USER_PULSSAR (ID_BLOQUEO_USER_PULSSAR,ID_USUARIO_PULSSAR,FC_VIGENCIA,CH_ESATUS,NU_INTENTOS,FC_CONTROL,CH_USUARIO_MODIFICADOR) VALUES (8,36,null,'02',1,parsedatetime('21-05-2019','dd-MM-yyyy'),'usuario_bloqueo');
INSERT INTO PSER_TR_BLOQUEO_USER_PULSSAR (ID_BLOQUEO_USER_PULSSAR,ID_USUARIO_PULSSAR,FC_VIGENCIA,CH_ESATUS,NU_INTENTOS,FC_CONTROL,CH_USUARIO_MODIFICADOR) VALUES (9,39,null,'01',2,parsedatetime('21-05-2019','dd-MM-yyyy'),'usuario_bloqueo');


-- ADMINISTRACIÓN DE TURNOS.
DELETE FROM PSER_TC_SERVICIO;
Insert into PSER_TC_SERVICIO (ID_SERVICIO,CV_SERVICIO,CH_DESC_SERVICIO,CV_TIPO_SERVICIO,NU_ESTATUS,FC_CONTROL,CH_USUARIO_MODIFICADOR) values (1,'ADMON_TURNOS','Retiro Total IMSS'                                                              ,'SE',1,SYSDATE,'ADMINISTRACION_TURNOS');	
Insert into PSER_TC_SERVICIO (ID_SERVICIO,CV_SERVICIO,CH_DESC_SERVICIO,CV_TIPO_SERVICIO,NU_ESTATUS,FC_CONTROL,CH_USUARIO_MODIFICADOR) values (2,'ADMON_TURNOS','Retiro Total ISSSTE'                                                            ,'SE',1,SYSDATE,'ADMINISTRACION_TURNOS');
Insert into PSER_TC_SERVICIO (ID_SERVICIO,CV_SERVICIO,CH_DESC_SERVICIO,CV_TIPO_SERVICIO,NU_ESTATUS,FC_CONTROL,CH_USUARIO_MODIFICADOR) values (3,'ADMON_TURNOS','Retiro Parcial por desempleo IMSS'                                              ,'SE',1,SYSDATE,'ADMINISTRACION_TURNOS');
Insert into PSER_TC_SERVICIO (ID_SERVICIO,CV_SERVICIO,CH_DESC_SERVICIO,CV_TIPO_SERVICIO,NU_ESTATUS,FC_CONTROL,CH_USUARIO_MODIFICADOR) values (4,'ADMON_TURNOS','Confirmación mensual por desempleo'                                             ,'SE',1,SYSDATE,'ADMINISTRACION_TURNOS');
Insert into PSER_TC_SERVICIO (ID_SERVICIO,CV_SERVICIO,CH_DESC_SERVICIO,CV_TIPO_SERVICIO,NU_ESTATUS,FC_CONTROL,CH_USUARIO_MODIFICADOR) values (5,'ADMON_TURNOS','Retiro por matrimonio IMSS'                                                     ,'SE',1,SYSDATE,'ADMINISTRACION_TURNOS');
Insert into PSER_TC_SERVICIO (ID_SERVICIO,CV_SERVICIO,CH_DESC_SERVICIO,CV_TIPO_SERVICIO,NU_ESTATUS,FC_CONTROL,CH_USUARIO_MODIFICADOR) values (6,'ADMON_TURNOS','Retiro Parcial por desempleo ISSSTE'                                            ,'SE',1,SYSDATE,'ADMINISTRACION_TURNOS');

DELETE FROM PSER_TR_FOLIO_PULSSAR;
INSERT into PSER_TR_FOLIO_PULSSAR (ID_FOLIO_PULSSAR,ID_SERVICIO,ID_USUARIO_PULSSAR,CH_FOLIO,CH_DESCRIPCION,CH_SUCURSAL,NSS,CURP,NU_ESTATUS,FC_GENERACION_FOLIO,FC_CONTROL,CH_USUARIO_MODIFICADOR,FC_LLEGADA,FC_CIERRE_FOLIO,ID_FOLIO_PULSSAR_PADRE,NU_ESTATUS_PADRE,CH_TIPO_SOLICITANTE) values (1,1,43,'1000000000000000','Modificacion de Datos','1000000000000000','90978010164','PAVH800927HMCRZC09',1,NOW(),NOW(),'ADMON_TURNOS',NOW(),null,1,null,'01');
INSERT into PSER_TR_FOLIO_PULSSAR (ID_FOLIO_PULSSAR,ID_SERVICIO,ID_USUARIO_PULSSAR,CH_FOLIO,CH_DESCRIPCION,CH_SUCURSAL,NSS,CURP,NU_ESTATUS,FC_GENERACION_FOLIO,FC_CONTROL,CH_USUARIO_MODIFICADOR,FC_LLEGADA,FC_CIERRE_FOLIO,ID_FOLIO_PULSSAR_PADRE,NU_ESTATUS_PADRE,CH_TIPO_SOLICITANTE) values (2,1,43,'1000000000000000','Modificacion de Datos','1000000000000000','90978010164','PAVH800927HMCRZC09',1,NOW(),NOW(),'ADMON_TURNOS',NOW(),null,1,null,'01');
INSERT into PSER_TR_FOLIO_PULSSAR (ID_FOLIO_PULSSAR,ID_SERVICIO,ID_USUARIO_PULSSAR,CH_FOLIO,CH_DESCRIPCION,CH_SUCURSAL,NSS,CURP,NU_ESTATUS,FC_GENERACION_FOLIO,FC_CONTROL,CH_USUARIO_MODIFICADOR,FC_LLEGADA,FC_CIERRE_FOLIO,ID_FOLIO_PULSSAR_PADRE,NU_ESTATUS_PADRE,CH_TIPO_SOLICITANTE) values (3,1,43,'1000000000000000','Modificacion de Datos','1000000000000000','90978010164','PAVH800927HMCRZC09',1,NOW(),NOW(),'ADMON_TURNOS',NOW(),null,1,null,'01');
INSERT into PSER_TR_FOLIO_PULSSAR (ID_FOLIO_PULSSAR,ID_SERVICIO,ID_USUARIO_PULSSAR,CH_FOLIO,CH_DESCRIPCION,CH_SUCURSAL,NSS,CURP,NU_ESTATUS,FC_GENERACION_FOLIO,FC_CONTROL,CH_USUARIO_MODIFICADOR,FC_LLEGADA,FC_CIERRE_FOLIO,ID_FOLIO_PULSSAR_PADRE,NU_ESTATUS_PADRE,CH_TIPO_SOLICITANTE) values (4,1,43,'1000000000000000','Modificacion de Datos','1000000000000001','90978010164','PAVH800927HMCRZC09',1,NOW(),NOW(),'ADMON_TURNOS',NOW(),null,1,null,'01');
INSERT into PSER_TR_FOLIO_PULSSAR (ID_FOLIO_PULSSAR,ID_SERVICIO,ID_USUARIO_PULSSAR,CH_FOLIO,CH_DESCRIPCION,CH_SUCURSAL,NSS,CURP,NU_ESTATUS,FC_GENERACION_FOLIO,FC_CONTROL,CH_USUARIO_MODIFICADOR,FC_LLEGADA,FC_CIERRE_FOLIO,ID_FOLIO_PULSSAR_PADRE,NU_ESTATUS_PADRE,CH_TIPO_SOLICITANTE) values (5,1,43,'1000000000000000','Modificacion de Datos','1000000000000001','90978010164','PAVH800927HMCRZC09',1,NOW(),NOW(),'ADMON_TURNOS',NOW(),null,1,null,'01');
INSERT into PSER_TR_FOLIO_PULSSAR (ID_FOLIO_PULSSAR,ID_SERVICIO,ID_USUARIO_PULSSAR,CH_FOLIO,CH_DESCRIPCION,CH_SUCURSAL,NSS,CURP,NU_ESTATUS,FC_GENERACION_FOLIO,FC_CONTROL,CH_USUARIO_MODIFICADOR,FC_LLEGADA,FC_CIERRE_FOLIO,ID_FOLIO_PULSSAR_PADRE,NU_ESTATUS_PADRE,CH_TIPO_SOLICITANTE) values (6,1,43,'1000000000000000','Modificacion de Datos','1000000000000001','90978010164','PAVH800927HMCRZC09',1,NOW(),NOW(),'ADMON_TURNOS',NOW(),null,1,null,'01');

DELETE FROM PSER_TC_TURNO_ESTATUS;
INSERT INTO PSER_TC_TURNO_ESTATUS(CV_TURNO_ESTATUS, CH_DESC_TURNO_ESTATUS, FC_CONTROL, CH_USUARIO_MODIFICADOR) VALUES ('01', 'REGISTRADO',  PARSEDATETIME('2019-09-20', 'yyyy-MM-dd'), 'ADMINISTRACION_TURNOS');
INSERT INTO PSER_TC_TURNO_ESTATUS(CV_TURNO_ESTATUS, CH_DESC_TURNO_ESTATUS, FC_CONTROL, CH_USUARIO_MODIFICADOR) VALUES ('02', 'EN ATENCION', PARSEDATETIME('2019-09-20', 'yyyy-MM-dd'), 'ADMINISTRACION_TURNOS');
INSERT INTO PSER_TC_TURNO_ESTATUS(CV_TURNO_ESTATUS, CH_DESC_TURNO_ESTATUS, FC_CONTROL, CH_USUARIO_MODIFICADOR) VALUES ('03', 'FINALIZADO',  PARSEDATETIME('2019-09-20', 'yyyy-MM-dd'), 'ADMINISTRACION_TURNOS');
INSERT INTO PSER_TC_TURNO_ESTATUS(CV_TURNO_ESTATUS, CH_DESC_TURNO_ESTATUS, FC_CONTROL, CH_USUARIO_MODIFICADOR) VALUES ('04', 'CANCELADO' ,  PARSEDATETIME('2019-09-20', 'yyyy-MM-dd'), 'ADMINISTRACION_TURNOS');

DELETE FROM PSER_TR_TURNO;
INSERT INTO PSER_TR_TURNO (ID_TURNO,                NU_CUS,           CURP,                 NSS,    FC_CITA_CUS,  CH_NOMBRE_TRAB,   CH_APELLIDO_PATERNO_TRAB, CH_APELLIDO_MATERNO_TRAB, ID_SERVICIO,            CH_SERVICIOS_REALIZADOS, ID_USUARIO_PULSSAR, CH_FOLIO_ATENCION, CH_FOLIO_SERVICIO, ID_FOLIO_PULSSAR, CH_INDICADOR_CITA, CV_TURNO_ESTATUS, FC_REGISTRO,                   FC_INICIO_ATENCION, FC_FIN_ATENCION, FC_CONTROL,   CH_USUARIO_MODIFICADOR,  CH_AFORE) 
                   VALUES (PSER_SEQ_TURNO.nextval,  '30129400380000', 'TOAI870410HDFRNS00', NULL,   NOW(),        'ISAIAS NEFTALI', 'TORRES',                 'ANGEL',                  '001',                  NULL,                    132,                 NULL,              'FC0001',          1,                'FC',              '01',             DATEADD('MINUTE', -20, NOW()), NULL,               NULL           , NOW(),        'ADMINISTRACION_TURNOS', '552');
INSERT INTO PSER_TR_TURNO (ID_TURNO,                NU_CUS,           CURP,                 NSS,    FC_CITA_CUS,  CH_NOMBRE_TRAB,   CH_APELLIDO_PATERNO_TRAB, CH_APELLIDO_MATERNO_TRAB, ID_SERVICIO,            CH_SERVICIOS_REALIZADOS, ID_USUARIO_PULSSAR, CH_FOLIO_ATENCION, CH_FOLIO_SERVICIO, ID_FOLIO_PULSSAR, CH_INDICADOR_CITA, CV_TURNO_ESTATUS, FC_REGISTRO,                   FC_INICIO_ATENCION, FC_FIN_ATENCION, FC_CONTROL,   CH_USUARIO_MODIFICADOR,  CH_AFORE) 
                   VALUES (PSER_SEQ_TURNO.nextval,  '30129400380450', 'TOAA890110HDFRNS00', NULL,   NOW(),        'ABRAHAM       ', 'TORRES',                 'ANGEL',                  '002',                  NULL,                    132,                 NULL,              'FC0002',          2,                'FC',              '01',             DATEADD('MINUTE', -60, NOW()), NULL,               NULL           , NOW(),        'ADMINISTRACION_TURNOS', '552');
INSERT INTO PSER_TR_TURNO (ID_TURNO,                NU_CUS,           CURP,                 NSS,    FC_CITA_CUS,  CH_NOMBRE_TRAB,   CH_APELLIDO_PATERNO_TRAB, CH_APELLIDO_MATERNO_TRAB, ID_SERVICIO,            CH_SERVICIOS_REALIZADOS, ID_USUARIO_PULSSAR, CH_FOLIO_ATENCION, CH_FOLIO_SERVICIO, ID_FOLIO_PULSSAR, CH_INDICADOR_CITA, CV_TURNO_ESTATUS, FC_REGISTRO,                   FC_INICIO_ATENCION, FC_FIN_ATENCION, FC_CONTROL,   CH_USUARIO_MODIFICADOR,  CH_AFORE) 
                   VALUES (PSER_SEQ_TURNO.nextval,  '30120400380004', 'TOAI870410HDFRNS00', NULL,   NOW(),        'ISAIAS NEFTALI', 'TORRES',                 'ANGEL',                  '002',                  NULL,                    132,                 NULL,              'FS0003',          3,                'FS',              '01',             DATEADD('MINUTE', -60, NOW()), NULL,               NULL           , NOW(),        'ADMINISTRACION_TURNOS', '552');

INSERT INTO PSER_TR_TURNO (ID_TURNO,                NU_CUS,           CURP,                 NSS,    FC_CITA_CUS,  CH_NOMBRE_TRAB,   CH_APELLIDO_PATERNO_TRAB, CH_APELLIDO_MATERNO_TRAB, ID_SERVICIO,            CH_SERVICIOS_REALIZADOS, ID_USUARIO_PULSSAR, CH_FOLIO_ATENCION, CH_FOLIO_SERVICIO, ID_FOLIO_PULSSAR, CH_INDICADOR_CITA, CV_TURNO_ESTATUS, FC_REGISTRO,                                                 FC_INICIO_ATENCION, FC_FIN_ATENCION, FC_CONTROL,   CH_USUARIO_MODIFICADOR,  CH_AFORE) 
                   VALUES (PSER_SEQ_TURNO.nextval,  '30120400380004', 'TOAI870410HDFRNS01', NULL,   NOW(),        'ISAIAS NEFTALI', 'TORRES',                 'ANGEL',                  '002',                  NULL,                    132,                 NULL,              'FS0003',          4,                'FS',              '01',             NOW(), NULL,               NULL           , NOW(),        'ADMINISTRACION_TURNOS', '552');
INSERT INTO PSER_TR_TURNO (ID_TURNO,                NU_CUS,           CURP,                 NSS,    FC_CITA_CUS,  CH_NOMBRE_TRAB,   CH_APELLIDO_PATERNO_TRAB, CH_APELLIDO_MATERNO_TRAB, ID_SERVICIO,            CH_SERVICIOS_REALIZADOS, ID_USUARIO_PULSSAR, CH_FOLIO_ATENCION, CH_FOLIO_SERVICIO, ID_FOLIO_PULSSAR, CH_INDICADOR_CITA, CV_TURNO_ESTATUS, FC_REGISTRO,                                                 FC_INICIO_ATENCION, FC_FIN_ATENCION, FC_CONTROL,   CH_USUARIO_MODIFICADOR,  CH_AFORE) 
                   VALUES (PSER_SEQ_TURNO.nextval,  '30120400380004', 'TOAI870410HDFRNS02', NULL,   NOW(),        'ISAIAS NEFTALI', 'TORRES',                 'ANGEL',                  '002',                  NULL,                    132,                 NULL,              'FS0004',          5,                'FS',              '02',             DATEADD('MINUTE', 30, NOW()), NULL,               NULL           , NOW(),        'ADMINISTRACION_TURNOS', '552');
INSERT INTO PSER_TR_TURNO (ID_TURNO,                NU_CUS,           CURP,                 NSS,    FC_CITA_CUS,  CH_NOMBRE_TRAB,   CH_APELLIDO_PATERNO_TRAB, CH_APELLIDO_MATERNO_TRAB, ID_SERVICIO,            CH_SERVICIOS_REALIZADOS, ID_USUARIO_PULSSAR, CH_FOLIO_ATENCION, CH_FOLIO_SERVICIO, ID_FOLIO_PULSSAR, CH_INDICADOR_CITA, CV_TURNO_ESTATUS, FC_REGISTRO,                                                 FC_INICIO_ATENCION, FC_FIN_ATENCION, FC_CONTROL,   CH_USUARIO_MODIFICADOR,  CH_AFORE) 
                   VALUES (PSER_SEQ_TURNO.nextval,  '30120400380004', 'TOAI870410HDFRNS03', NULL,   NOW(),        'ISAIAS NEFTALI', 'TORRES',                 'ANGEL',                  '002',                  NULL,                    132,                 NULL,              'FS0005',          6,                'FS',              '03',             PARSEDATETIME('2019-11-28 10:00:00', 'yyyy-MM-dd hh:mm:ss'), NULL,               NULL           , NOW(),        'ADMINISTRACION_TURNOS', '552');

--MINERVA
--CATALOGO DE MODULOS DE NEGOCIO
INSERT INTO PSER_TC_MODULO_REPORTE (ID_MODULO_REPORTE,CH_NOMBRE_MODULO_REP,NU_ACTIVO,FC_CONTROL,CH_USUARIO_MODIFICADOR) VALUES (1,'RECAUDACION',1,PARSEDATETIME('21/08/18','DD/MM/yy'),'GOB_MODELADO');
INSERT INTO PSER_TC_MODULO_REPORTE (ID_MODULO_REPORTE,CH_NOMBRE_MODULO_REP,NU_ACTIVO,FC_CONTROL,CH_USUARIO_MODIFICADOR) VALUES (2,'REGISTRO',1,PARSEDATETIME('21/08/18','DD/MM/yy'),'GOB_MODELADO');
INSERT INTO PSER_TC_MODULO_REPORTE (ID_MODULO_REPORTE,CH_NOMBRE_MODULO_REP,NU_ACTIVO,FC_CONTROL,CH_USUARIO_MODIFICADOR) VALUES (3,'TRASPASOS',1,PARSEDATETIME('21/08/18','DD/MM/yy'),'GOB_MODELADO');
INSERT INTO PSER_TC_MODULO_REPORTE (ID_MODULO_REPORTE,CH_NOMBRE_MODULO_REP,NU_ACTIVO,FC_CONTROL,CH_USUARIO_MODIFICADOR) VALUES (4,'RETIROS',1,PARSEDATETIME('21/08/18','DD/MM/yy'),'GOB_MODELADO');
INSERT INTO PSER_TC_MODULO_REPORTE (ID_MODULO_REPORTE,CH_NOMBRE_MODULO_REP,NU_ACTIVO,FC_CONTROL,CH_USUARIO_MODIFICADOR) VALUES (5,'GCIA DE PROD DE INFORMACION',1,PARSEDATETIME('21/08/18','DD/MM/yy'),'GOB_MODELADO');
INSERT INTO PSER_TC_MODULO_REPORTE (ID_MODULO_REPORTE,CH_NOMBRE_MODULO_REP,NU_ACTIVO,FC_CONTROL,CH_USUARIO_MODIFICADOR) VALUES (6,'BIOMETRICOS',1,PARSEDATETIME('21/08/18','DD/MM/yy'),'GOB_MODELADO');
INSERT INTO PSER_TC_MODULO_REPORTE (ID_MODULO_REPORTE,CH_NOMBRE_MODULO_REP,NU_ACTIVO,FC_CONTROL,CH_USUARIO_MODIFICADOR) VALUES (7,'EXPEDIENTE',1,PARSEDATETIME('21/08/18','DD/MM/yy'),'GOB_MODELADO');
INSERT INTO PSER_TC_MODULO_REPORTE (ID_MODULO_REPORTE,CH_NOMBRE_MODULO_REP,NU_ACTIVO,FC_CONTROL,CH_USUARIO_MODIFICADOR) VALUES (8,'INSTITUTOS',1,PARSEDATETIME('21/08/18','DD/MM/yy'),'GOB_MODELADO');
INSERT INTO PSER_TC_MODULO_REPORTE (ID_MODULO_REPORTE,CH_NOMBRE_MODULO_REP,NU_ACTIVO,FC_CONTROL,CH_USUARIO_MODIFICADOR) VALUES (9,'AFORE MOVIL Y PORTAL E-SAR',1,PARSEDATETIME('21/08/18','DD/MM/yy'),'GOB_MODELADO');

--CATALOGO DE PROCESOS 
INSERT INTO PSER_TC_PROCESO_NEGOCIO (ID_PROCESO_NEGOCIO,ID_MODULO_REPORTE,CH_NOMBRE_PROCESO,NU_ACTIVO,FC_CONTROL,CH_USUARIO_MODIFICADOR) VALUES (1,4,'RETIROS ISSSTE',1,PARSEDATETIME('13/06/18','DD/MM/yy'),'HJRAMIRE');
INSERT INTO PSER_TC_PROCESO_NEGOCIO (ID_PROCESO_NEGOCIO,ID_MODULO_REPORTE,CH_NOMBRE_PROCESO,NU_ACTIVO,FC_CONTROL,CH_USUARIO_MODIFICADOR) VALUES (2,4,'RETIROS IMSS',1,PARSEDATETIME('13/06/18','DD/MM/yy'),'HJRAMIRE');

--CATALOGO DE SUBPROCESOS
INSERT INTO PSER_TC_SUBPROCESO (ID_SUBPROCESO,ID_PROCESO_NEGOCIO,CH_NOMBRE_SUBPROCESO,NU_ACTIVO,FC_CONTROL,CH_USUARIO_MODIFICADOR) VALUES (1,1,'SALDO PREVIO',1,PARSEDATETIME('13/06/18','DD/MM/yy'),'HJRAMIRE');
INSERT INTO PSER_TC_SUBPROCESO (ID_SUBPROCESO,ID_PROCESO_NEGOCIO,CH_NOMBRE_SUBPROCESO,NU_ACTIVO,FC_CONTROL,CH_USUARIO_MODIFICADOR) VALUES (2,1,'DATAMART',1,PARSEDATETIME('13/06/18','DD/MM/yy'),'HJRAMIRE');
INSERT INTO PSER_TC_SUBPROCESO (ID_SUBPROCESO,ID_PROCESO_NEGOCIO,CH_NOMBRE_SUBPROCESO,NU_ACTIVO,FC_CONTROL,CH_USUARIO_MODIFICADOR) VALUES (3,1,'DISPOSICIONES TOTALES',1,PARSEDATETIME('13/06/18','DD/MM/yy'),'HJRAMIRE');
INSERT INTO PSER_TC_SUBPROCESO (ID_SUBPROCESO,ID_PROCESO_NEGOCIO,CH_NOMBRE_SUBPROCESO,NU_ACTIVO,FC_CONTROL,CH_USUARIO_MODIFICADOR) VALUES (4,1,'DISPOSICIONES PARCIALES',1,PARSEDATETIME('13/06/18','DD/MM/yy'),'HJRAMIRE');
INSERT INTO PSER_TC_SUBPROCESO (ID_SUBPROCESO,ID_PROCESO_NEGOCIO,CH_NOMBRE_SUBPROCESO,NU_ACTIVO,FC_CONTROL,CH_USUARIO_MODIFICADOR) VALUES (5,1,'TRANSFERENCIAS',1,PARSEDATETIME('13/06/18','DD/MM/yy'),'HJRAMIRE');
INSERT INTO PSER_TC_SUBPROCESO (ID_SUBPROCESO,ID_PROCESO_NEGOCIO,CH_NOMBRE_SUBPROCESO,NU_ACTIVO,FC_CONTROL,CH_USUARIO_MODIFICADOR) VALUES (6,1,'MOVIMIENTOS',1,PARSEDATETIME('13/06/18','DD/MM/yy'),'HJRAMIRE');
INSERT INTO PSER_TC_SUBPROCESO (ID_SUBPROCESO,ID_PROCESO_NEGOCIO,CH_NOMBRE_SUBPROCESO,NU_ACTIVO,FC_CONTROL,CH_USUARIO_MODIFICADOR) VALUES (7,2,'REPORTE-BUSTRAMITE',1,PARSEDATETIME('13/06/18','DD/MM/yy'),'HJRAMIRE');
INSERT INTO PSER_TC_SUBPROCESO (ID_SUBPROCESO,ID_PROCESO_NEGOCIO,CH_NOMBRE_SUBPROCESO,NU_ACTIVO,FC_CONTROL,CH_USUARIO_MODIFICADOR) VALUES (8,2,'SALDO PREVIO',1,PARSEDATETIME('13/06/18','DD/MM/yy'),'HJRAMIRE');
INSERT INTO PSER_TC_SUBPROCESO (ID_SUBPROCESO,ID_PROCESO_NEGOCIO,CH_NOMBRE_SUBPROCESO,NU_ACTIVO,FC_CONTROL,CH_USUARIO_MODIFICADOR) VALUES (9,2,'DATAMART',1,PARSEDATETIME('13/06/18','DD/MM/yy'),'HJRAMIRE');
INSERT INTO PSER_TC_SUBPROCESO (ID_SUBPROCESO,ID_PROCESO_NEGOCIO,CH_NOMBRE_SUBPROCESO,NU_ACTIVO,FC_CONTROL,CH_USUARIO_MODIFICADOR) VALUES (10,2,'TRANSFERENCIAS',1,PARSEDATETIME('13/06/18','DD/MM/yy'),'HJRAMIRE');
INSERT INTO PSER_TC_SUBPROCESO (ID_SUBPROCESO,ID_PROCESO_NEGOCIO,CH_NOMBRE_SUBPROCESO,NU_ACTIVO,FC_CONTROL,CH_USUARIO_MODIFICADOR) VALUES (11,2,'65 Y MAS',1,PARSEDATETIME('13/06/18','DD/MM/yy'),'HJRAMIRE');
INSERT INTO PSER_TC_SUBPROCESO (ID_SUBPROCESO,ID_PROCESO_NEGOCIO,CH_NOMBRE_SUBPROCESO,NU_ACTIVO,FC_CONTROL,CH_USUARIO_MODIFICADOR) VALUES (12,2,'RETIROS PARCIALES',1,PARSEDATETIME('13/06/18','DD/MM/yy'),'HJRAMIRE');

--CATALOGO DE TIPOS DE REPORTE
INSERT INTO PSER_TC_TIPO_REPORTE (ID_TIPO_REPORTE,CH_DESCRIPCION,NU_ACTIVO,FC_CONTROL,CH_USUARIO_MODIFICADOR,NU_BATCH_LINEA) VALUES (1581,'CIFRAS',1,PARSEDATETIME('21/08/18','DD/MM/yy'),'GOB_MODELADO',0);
INSERT INTO PSER_TC_TIPO_REPORTE (ID_TIPO_REPORTE,CH_DESCRIPCION,NU_ACTIVO,FC_CONTROL,CH_USUARIO_MODIFICADOR,NU_BATCH_LINEA) VALUES (1582,'MONTOS',1,PARSEDATETIME('21/08/18','DD/MM/yy'),'GOB_MODELADO',0);
INSERT INTO PSER_TC_TIPO_REPORTE (ID_TIPO_REPORTE,CH_DESCRIPCION,NU_ACTIVO,FC_CONTROL,CH_USUARIO_MODIFICADOR,NU_BATCH_LINEA) VALUES (1583,'DETALLE',1,PARSEDATETIME('21/08/18','DD/MM/yy'),'GOB_MODELADO',0);
INSERT INTO PSER_TC_TIPO_REPORTE (ID_TIPO_REPORTE,CH_DESCRIPCION,NU_ACTIVO,FC_CONTROL,CH_USUARIO_MODIFICADOR,NU_BATCH_LINEA) VALUES (1584,'DESCARGA',1,PARSEDATETIME('21/08/18','DD/MM/yy'),'GOB_MODELADO',0);
INSERT INTO PSER_TC_TIPO_REPORTE (ID_TIPO_REPORTE,CH_DESCRIPCION,NU_ACTIVO,FC_CONTROL,CH_USUARIO_MODIFICADOR,NU_BATCH_LINEA) VALUES (2951,'MASIVOS',1,PARSEDATETIME('21/10/19','DD/MM/yy'),'HJRAMIRE',1);
INSERT INTO PSER_TC_TIPO_REPORTE (ID_TIPO_REPORTE,CH_DESCRIPCION,NU_ACTIVO,FC_CONTROL,CH_USUARIO_MODIFICADOR,NU_BATCH_LINEA) VALUES (1055,'PREAVISO',1,PARSEDATETIME('24/10/19','DD/MM/yy'),'ALLOPEZ',0);
--INSERT INTO PSER_TC_TIPO_REPORTE (ID_TIPO_REPORTE,CH_DESCRIPCION,NU_ACTIVO,FC_CONTROL,CH_USUARIO_MODIFICADOR,NU_BATCH_LINEA) VALUES (3194,'SUBREPORTES',1,TRUNC(SYSDATE),'HJRAMIRE',3);
INSERT INTO PSER_TC_TIPO_REPORTE (ID_TIPO_REPORTE,CH_DESCRIPCION,NU_ACTIVO,FC_CONTROL,CH_USUARIO_MODIFICADOR,NU_BATCH_LINEA) VALUES (3194,'SUBREPORTES',1,PARSEDATETIME('21/10/19','DD/MM/yy'),'HJRAMIRE',3);

--CATALOGO DE PARAMETROS
INSERT INTO PSER_TR_PARAMETRO_REPORTE (ID_PARAMETRO_REPORTE,ID_REPORTE_GENERICO,NU_SECUENCIA,CH_NOMBRE,FC_CONTROL,CH_USUARIO_MODIFICADOR,CH_SECCION_PARAMETRO,CH_TIPO_DATO,CH_TIPO_PARAMETRO) VALUES (7,1029,1,'FECHA_INICIAL',PARSEDATETIME('14/01/20','DD/MM/YY'),'HJRAMIRE','0000','FCH','SQL');
INSERT INTO PSER_TR_PARAMETRO_REPORTE (ID_PARAMETRO_REPORTE,ID_REPORTE_GENERICO,NU_SECUENCIA,CH_NOMBRE,FC_CONTROL,CH_USUARIO_MODIFICADOR,CH_SECCION_PARAMETRO,CH_TIPO_DATO,CH_TIPO_PARAMETRO) VALUES (8,1029,2,'FECHA_FINAL',PARSEDATETIME('14/01/20','DD/MM/YY'),'HJRAMIRE','0000','FCH','SQL');
INSERT INTO PSER_TR_PARAMETRO_REPORTE (ID_PARAMETRO_REPORTE,ID_REPORTE_GENERICO,NU_SECUENCIA,CH_NOMBRE,FC_CONTROL,CH_USUARIO_MODIFICADOR,CH_SECCION_PARAMETRO,CH_TIPO_DATO,CH_TIPO_PARAMETRO) VALUES (10,1029,3,'FECHA_VALOR_FACTOR',PARSEDATETIME('14/01/20','DD/MM/YY'),'HJRAMIRE','0000','FCH','SQL');
INSERT INTO PSER_TR_PARAMETRO_REPORTE (ID_PARAMETRO_REPORTE,ID_REPORTE_GENERICO,NU_SECUENCIA,CH_NOMBRE,FC_CONTROL,CH_USUARIO_MODIFICADOR,CH_SECCION_PARAMETRO,CH_TIPO_DATO,CH_TIPO_PARAMETRO) VALUES (31,1029,5,'logo',PARSEDATETIME('22/01/20','DD/MM/YY'),'HJRAMIRE','P1','STR','JRX');
INSERT INTO PSER_TR_PARAMETRO_REPORTE (ID_PARAMETRO_REPORTE,ID_REPORTE_GENERICO,NU_SECUENCIA,CH_NOMBRE,FC_CONTROL,CH_USUARIO_MODIFICADOR,CH_SECCION_PARAMETRO,CH_TIPO_DATO,CH_TIPO_PARAMETRO) VALUES (32,1029,6,'datasource',PARSEDATETIME('22/01/20','DD/MM/YY'),'HJRAMIRE','P1','STR','JRX');
INSERT INTO PSER_TR_PARAMETRO_REPORTE (ID_PARAMETRO_REPORTE,ID_REPORTE_GENERICO,NU_SECUENCIA,CH_NOMBRE,FC_CONTROL,CH_USUARIO_MODIFICADOR,CH_SECCION_PARAMETRO,CH_TIPO_DATO,CH_TIPO_PARAMETRO) VALUES (33,1029,7,'SUBREPORT_DIR',PARSEDATETIME('22/01/20','DD/MM/YY'),'HJRAMIRE','P1','STR','JRX');

--CATALOGO DE REPORTES GENERICOS
INSERT INTO PSER_TC_REPORTE_GENERICO (ID_REPORTE_GENERICO,ID_SUBPROCESO,ID_TIPO_REPORTE,CH_NOMBRE_REPORTE,NU_ACTIVO,CH_CONSULTA,CH_ESQUEMA,CH_ENCABEZADO,NU_FILTRO_NSS,NU_FILTRO_CURP,NU_FILTRO_RANGO_FC,NU_FILTRO_ID_PROCESAR,FC_CONTROL,CH_USUARIO_MODIFICADOR,ID_REPORTE_GENERICO_PADRE,NU_ORDEN,CH_NOMBRE_ARCHIVO_REPORTE, CH_URL) VALUES (1034,910,3194,'SUBREPORT_DATA_REPORTE_U',1,'SELECT /*+PARALLEL(5)*/ cv_afore   AS chAfore, trans.NU_RET97_TRA   AS nuRet97Tra, trans.NU_CV_CUOTA_ESTA_TRA AS nuCvCuotaEstaTra, trans.NU_CUOTA_SO_TRA  AS nuCuotaSoTra, trans.NU_RET92_IMSS_TRA  AS nuRet92ImssTra, ''0.00''   AS nuViv97Tra, ''0.00''   AS nuPartViv97Inf, mov.NU_MONTO_RETIRO97  AS nuMontoRetiro97, mov.NU_MONTO_CV  AS nuMontoCv, mov.NU_MONTO_CUOTA_SOCIAL  AS nuMontoCuotaSocial, mov.NU_MONTO_RETIRO92  AS nuMontoRetiro92, ''0.00''   AS nuMontoVivienda97, ''0.00''   AS nuPartViv97InfMov FROM (SELECT /*+PARALLEL(5)*/ CONCAT(CONCAT(ta.cv_afore,'' - ''),ta.CH_DESC_AFORE) AS cv_afore, SUM( ct.NU_RET97_TRA) NU_RET97_TRA, SUM( ct.NU_CV_CUOTA_ESTA_TRA) NU_CV_CUOTA_ESTA_TRA, SUM( ct.NU_CUOTA_SO_TRA )NU_CUOTA_SO_TRA, SUM( ct.NU_RET92_IMSS_TRA) NU_RET92_IMSS_TRA, SUM( ct.NU_VIV_97_TRA ) NU_VIV_97_TRA, SUM( ct.NU_PART_VIV97_INF ) NU_PART_VIV97_INF FROM RETI_TR_CONF_TRANSFERENCIA ct INNER JOIN NSAR_TC_AFORE ta ON ct.id_procesar_afore= ta.id_procesar WHERE TRUNC(FC_LIQUIDACION) BETWEEN PARSEDATETIME(?1,''DD/MM/YYYY'') AND PARSEDATETIME(?2,''DD/MM/YYYY'')  AND CH_DIAGNOSTICO_AFORE IN (''501'',''590'') AND CV_TIPO_RETIRO = ''U'' group by CONCAT(CONCAT(ta.cv_afore,'' - ''),ta.CH_DESC_AFORE) ) trans left join (SELECT /*+PARALLEL(5)*/ CONCAT(CONCAT(CH_AFORE,'' - ''),af.CH_DESC_AFORE) AS cv_af, SUM( NU_MONTO_RETIRO97 ) NU_MONTO_RETIRO97, SUM( NU_MONTO_CV ) NU_MONTO_CV, SUM( NU_MONTO_CUOTA_SOCIAL ) NU_MONTO_CUOTA_SOCIAL, SUM( NU_MONTO_RETIRO92 ) NU_MONTO_RETIRO92, SUM( NU_MONTO_VIVIENDA97 ) NU_MONTO_VIVIENDA97, SUM( (SELECT /*+PARALLEL(5)*/ NU_VALOR_FACTOR FROM TRAN_TC_FACTOR_CONVERSION WHERE CV_TIPO_FACTOR = ''04'' AND FC_VALOR_FACTOR  = PARSEDATETIME(?3,''DD/MM/YYYY'') )*NU_MONTO_VIVIENDA97 ) NU_MONTO_VIVIENDA92 FROM RETI_TR_MOVIMIENTO_IMSS INNER JOIN NSAR_TC_AFORE af ON CH_AFORE = af.CV_AFORE WHERE TRUNC(FC_MOVIMIENTO) BETWEEN PARSEDATETIME(?1,''DD/MM/YYYY'') AND PARSEDATETIME(?2,''DD/MM/YYYY'')  AND CV_MOVIMIENTO_IMSS IN (''290'',''295'') AND CH_DIAGNOSTICO_RCV IN (''501'',''590'') group by CONCAT(CONCAT(CH_AFORE,'' - ''),af.CH_DESC_AFORE) order by CONCAT(CONCAT(CH_AFORE,'' - ''),af.CH_DESC_AFORE) ) mov ON trans.cv_afore = mov.cv_af ORDER BY cv_afore ASC','PROCNSARD','cv_afore,nuRet97Tra,nuCvCuotaEstaTra,nuCuotaSoTra,nuRet92ImssTra,nuViv97Tra,nuPartViv97Inf,nuMontoRetiro97,nuMontoCv,nuMontoCuotaSocial,nuMontoRetiro92,nuMontoVivienda97,nuPartViv97InfMov',0,0,0,0,PARSEDATETIME('14/01/20','DD/MM/YY'),'HJRAMIRE',1029,5,null, '');
INSERT INTO PSER_TC_REPORTE_GENERICO (ID_REPORTE_GENERICO,ID_SUBPROCESO,ID_TIPO_REPORTE,CH_NOMBRE_REPORTE,NU_ACTIVO,CH_CONSULTA,CH_ESQUEMA,CH_ENCABEZADO,NU_FILTRO_NSS,NU_FILTRO_CURP,NU_FILTRO_RANGO_FC,NU_FILTRO_ID_PROCESAR,FC_CONTROL,CH_USUARIO_MODIFICADOR,ID_REPORTE_GENERICO_PADRE,NU_ORDEN,CH_NOMBRE_ARCHIVO_REPORTE, CH_URL) VALUES (1033,910,3194,'SUBREPORT_DATA_REPORTE_C',1,'SELECT /*+PARALLEL(5)*/ cv_afore  AS chAfore, trans.NU_RET97_TRA  AS nuRet97Tra, trans.NU_CV_CUOTA_ESTA_TRA AS nuCvCuotaEstaTra, trans.NU_CUOTA_SO_TRA AS nuCuotaSoTra, ''0.00''  AS nuRet92ImssTra, trans.NU_VIV_97_TRA  AS nuViv97Tra, trans.NU_PART_VIV97_INF AS nuPartViv97Inf,  mov.NU_MONTO_RETIRO97  AS nuMontoRetiro97, mov.NU_MONTO_CV AS nuMontoCv, mov.NU_MONTO_CUOTA_SOCIAL AS nuMontoCuotaSocial, ''0.00''  AS nuMontoRetiro92, mov.NU_MONTO_VIVIENDA97 AS nuMontoVivienda97, mov.NU_MONTO_VIVIENDA92 AS nuPartViv97InfMov FROM ( SELECT /*+PARALLEL(5)*/(ta.cv_afore || '' - '' || ta.CH_DESC_AFORE) AS cv_afore, SUM( ct.NU_RET97_TRA) NU_RET97_TRA, SUM( ct.NU_CV_CUOTA_ESTA_TRA) NU_CV_CUOTA_ESTA_TRA, SUM( ct.NU_CUOTA_SO_TRA )NU_CUOTA_SO_TRA, SUM( ct.NU_RET92_IMSS_TRA) NU_RET92_IMSS_TRA, SUM( (CASE ct.CV_ESTATUS_VIVIENDA WHEN ''1'' THEN ct.NU_VIV_97_TRA  ELSE 0.00 END) ) NU_VIV_97_TRA, SUM( (CASE ct.CV_ESTATUS_VIVIENDA WHEN ''1'' THEN ct.NU_PART_VIV97_INF ELSE 0.00 END) ) NU_PART_VIV97_INF FROM RETI_TR_CONF_TRANSFERENCIA ct INNER JOIN NSAR_TC_AFORE ta ON ct.id_procesar_afore  = ta.id_procesar where TRUNC(FC_LIQUIDACION) BETWEEN PARSEDATETIME(?1,''DD/MM/YYYY'') AND PARSEDATETIME(?2,''DD/MM/YYYY'') AND CH_DIAGNOSTICO_AFORE IN (''501'',''590'') AND CV_TIPO_RETIRO  = ''C'' GROUP BY (ta.cv_afore || '' - '' || ta.CH_DESC_AFORE) ) trans left join ( SELECT /*+PARALLEL(5)*/CH_AFORE || '' - ''|| af.CH_DESC_AFORE AS cv_af, SUM( NU_MONTO_RETIRO97 ) NU_MONTO_RETIRO97, SUM( NU_MONTO_CV ) NU_MONTO_CV, SUM( NU_MONTO_CUOTA_SOCIAL ) NU_MONTO_CUOTA_SOCIAL, SUM( NU_MONTO_RETIRO92 ) NU_MONTO_RETIRO92, SUM( (CASE CH_RESULTADO_VIVIENDA WHEN ''01'' THEN NU_MONTO_VIVIENDA97 ELSE 0.00 END)) NU_MONTO_VIVIENDA97, SUM( (CASE CH_RESULTADO_VIVIENDA WHEN ''01'' THEN ((SELECT /*+PARALLEL(5)*/NU_VALOR_FACTOR FROM TRAN_TC_FACTOR_CONVERSION WHERE CV_TIPO_FACTOR = ''04'' AND FC_VALOR_FACTOR = PARSEDATETIME(?3,''DD/MM/YYYY'') )*NU_MONTO_VIVIENDA97) ELSE 0.00 END) ) NU_MONTO_VIVIENDA92 FROM RETI_TR_MOVIMIENTO_IMSS INNER JOIN NSAR_TC_AFORE af ON CH_AFORE = af.CV_AFORE where TRUNC(FC_MOVIMIENTO) BETWEEN PARSEDATETIME(?1,''DD/MM/YYYY'') AND PARSEDATETIME(?2,''DD/MM/YYYY'') AND CV_MOVIMIENTO_IMSS IN (''220'',''294'') AND CH_DIAGNOSTICO_RCV  IN (''501'',''590'') GROUP BY CH_AFORE || '' - ''|| af.CH_DESC_AFORE ORDER BY CH_AFORE || '' - ''|| af.CH_DESC_AFORE )mov ON trans.cv_afore = mov.cv_af ORDER BY cv_afore ASC','PROCNSARD','chAfore, nuRet97Tra, nuCvCuotaEstaTra, nuCuotaSoTra, nuRet92ImssTra, nuViv97Tra, nuPartViv97Inf,   nuMontoRetiro97, nuMontoCv, nuMontoCuotaSocial, nuMontoRetiro92, nuMontoVivienda97, nuPartViv97InfMov',0,0,0,0,PARSEDATETIME('14/01/20','DD/MM/YY'),'HJRAMIRE',1029,4,null,'');
INSERT INTO PSER_TC_REPORTE_GENERICO (ID_REPORTE_GENERICO,ID_SUBPROCESO,ID_TIPO_REPORTE,CH_NOMBRE_REPORTE,NU_ACTIVO,CH_CONSULTA,CH_ESQUEMA,CH_ENCABEZADO,NU_FILTRO_NSS,NU_FILTRO_CURP,NU_FILTRO_RANGO_FC,NU_FILTRO_ID_PROCESAR,FC_CONTROL,CH_USUARIO_MODIFICADOR,ID_REPORTE_GENERICO_PADRE,NU_ORDEN,CH_NOMBRE_ARCHIVO_REPORTE, CH_URL) VALUES (1032,910,3194,'SUBREPORT_DATA_REPORTE_BRJP',1,'select /*+PARALLEL(5)*/ cv_afore  AS chAfore, ''0.00'' AS nuRet97Tra, trans.NU_CV_CUOTA_ESTA_TRA AS nuCvCuotaEstaTra, trans.NU_CUOTA_SO_TRA AS nuCuotaSoTra, ''0.00'' AS nuRet92ImssTra, ''0.00'' AS nuViv97Tra, ''0.00'' AS nuPartViv97Inf, ''0.00'' AS nuMontoRetiro97, mov.NU_MONTO_CV AS nuMontoCv, mov.NU_MONTO_CUOTA_SOCIAL AS nuMontoCuotaSocial, ''0.00'' AS nuMontoRetiro92, ''0.00'' AS nuMontoVivienda97, ''0.00'' AS nuPartViv97InfMov from ( select /*+PARALLEL(5)*/CONCAT(CONCAT(ta.cv_afore,'' - ''),ta.CH_DESC_AFORE) as cv_afore, sum( ct.NU_RET97_TRA) NU_RET97_TRA, sum( ct.NU_CV_CUOTA_ESTA_TRA) NU_CV_CUOTA_ESTA_TRA, sum( ct.NU_CUOTA_SO_TRA )NU_CUOTA_SO_TRA, sum( ct.NU_RET92_IMSS_TRA) NU_RET92_IMSS_TRA, sum( ct.NU_VIV_97_TRA ) NU_VIV_97_TRA, sum( ct.NU_PART_VIV97_INF ) NU_PART_VIV97_INF from RETI_TR_CONF_TRANSFERENCIA ct inner join NSAR_TC_AFORE ta on ct.id_procesar_afore= ta.id_procesar where TRUNC(FC_LIQUIDACION) BETWEEN PARSEDATETIME(?1,''DD/MM/YYYY'') AND PARSEDATETIME(?2,''DD/MM/YYYY'') and ct.NU_RJP = ''1'' and CH_DIAGNOSTICO_AFORE IN (''501'',''590'') and CV_TIPO_RETIRO = ''B'' group by CONCAT(CONCAT(ta.cv_afore,'' - ''),ta.CH_DESC_AFORE) ) trans left join ( select /*+PARALLEL(5)*/CONCAT(CONCAT(CH_AFORE,'' - ''),af.CH_DESC_AFORE) as cv_af, sum( NU_MONTO_RETIRO97 ) NU_MONTO_RETIRO97, sum( NU_MONTO_CV ) NU_MONTO_CV, sum( NU_MONTO_CUOTA_SOCIAL ) NU_MONTO_CUOTA_SOCIAL, sum( NU_MONTO_RETIRO92 ) NU_MONTO_RETIRO92, sum( NU_MONTO_VIVIENDA97 ) NU_MONTO_VIVIENDA97, sum( ( select /*+PARALLEL(5)*/NU_VALOR_FACTOR from TRAN_TC_FACTOR_CONVERSION where CV_TIPO_FACTOR = ''04'' and FC_VALOR_FACTOR = PARSEDATETIME(?3,''DD/MM/YYYY'') )*NU_MONTO_VIVIENDA97 ) NU_MONTO_VIVIENDA92 from RETI_TR_MOVIMIENTO_IMSS inner join NSAR_TC_AFORE af on CH_AFORE = af.CV_AFORE where TRUNC(FC_MOVIMIENTO) BETWEEN PARSEDATETIME(?1,''DD/MM/YYYY'') AND PARSEDATETIME(?2,''DD/MM/YYYY'') and CV_MOVIMIENTO_IMSS IN (''270'',''293'') and CH_DIAGNOSTICO_RCV IN (''501'',''590'') group by CONCAT(CONCAT(CH_AFORE,'' - ''),af.CH_DESC_AFORE) order by CONCAT(CONCAT(CH_AFORE,'' - ''),af.CH_DESC_AFORE) ) mov on trans.cv_afore = mov.cv_af ORDER BY cv_afore asc','PROCNSARD','CHAFORE,NURET97TRA,NUCVCUOTAESTATRA,NUCUOTASOTRA,NURET92IMSSTRA,NUVIV97TRA,NUPARTVIV97INF,NUMONTORETIRO97,NUMONTOCV,NUMONTOCUOTASOCIAL,NUMONTORETIRO92,NUMONTOVIVIENDA97,NUPARTVIV97INFMOV',0,0,0,0,PARSEDATETIME('14/01/20','DD/MM/YY'),'HJRAMIRE',1029,3,null,'');
INSERT INTO PSER_TC_REPORTE_GENERICO (ID_REPORTE_GENERICO,ID_SUBPROCESO,ID_TIPO_REPORTE,CH_NOMBRE_REPORTE,NU_ACTIVO,CH_CONSULTA,CH_ESQUEMA,CH_ENCABEZADO,NU_FILTRO_NSS,NU_FILTRO_CURP,NU_FILTRO_RANGO_FC,NU_FILTRO_ID_PROCESAR,FC_CONTROL,CH_USUARIO_MODIFICADOR,ID_REPORTE_GENERICO_PADRE,NU_ORDEN,CH_NOMBRE_ARCHIVO_REPORTE, CH_URL) VALUES (1031,910,3194,'SUBREPORT_DATA_REPORTE_B',1,'SELECT /*+PARALLEL(5)*/CV_AFORE AS CHAFORE, ''0.00'' AS NURET97TRA, TRANS.NU_CV_CUOTA_ESTA_TRA AS NUCVCUOTAESTATRA, TRANS.NU_CUOTA_SO_TRA AS NUCUOTASOTRA, ''0.00'' AS NURET92IMSSTRA, TRANS.NU_VIV_97_TRA AS NUVIV97TRA, ''0.00'' AS NUPARTVIV97INF, ''0.00'' AS NUMONTORETIRO97, MOV.NU_MONTO_CV AS NUMONTOCV, MOV.NU_MONTO_CUOTA_SOCIAL AS NUMONTOCUOTASOCIAL,  ''0.00'' AS NUMONTORETIRO92, MOV.NU_MONTO_VIVIENDA97 AS NUMONTOVIVIENDA97, ''0.00'' AS NUPARTVIV97INFMOV  FROM  ( SELECT /*+PARALLEL(5)*/CONCAT(CONCAT(TA.CV_AFORE,'' - ''),TA.CH_DESC_AFORE) AS CV_AFORE, SUM( CT.NU_RET97_TRA) NU_RET97_TRA, SUM( CT.NU_CV_CUOTA_ESTA_TRA) NU_CV_CUOTA_ESTA_TRA, SUM( CT.NU_CUOTA_SO_TRA )NU_CUOTA_SO_TRA,  SUM( CT.NU_RET92_IMSS_TRA) NU_RET92_IMSS_TRA, SUM( CT.NU_VIV_97_TRA ) NU_VIV_97_TRA, SUM( CT.NU_PART_VIV97_INF ) NU_PART_VIV97_INF FROM RETI_TR_CONF_TRANSFERENCIA CT INNER JOIN NSAR_TC_AFORE TA ON CT.ID_PROCESAR_AFORE= TA.ID_PROCESAR WHERE TRUNC(FC_LIQUIDACION) BETWEEN PARSEDATETIME(?1,''DD/MM/YYYY'') AND PARSEDATETIME(?2,''DD/MM/YYYY'') AND CT.NU_RJP = ''0''  AND CH_DIAGNOSTICO_AFORE IN (''501'',''590'') AND CV_TIPO_RETIRO = ''B'' GROUP BY CONCAT(CONCAT(TA.CV_AFORE,'' - ''),TA.CH_DESC_AFORE)  ) TRANS  LEFT JOIN  ( SELECT /*+PARALLEL(5)*/CONCAT(CONCAT(CH_AFORE,'' - ''),AF.CH_DESC_AFORE) AS CV_AF, SUM( NU_MONTO_RETIRO97 ) NU_MONTO_RETIRO97, SUM( NU_MONTO_CV ) NU_MONTO_CV, SUM( NU_MONTO_CUOTA_SOCIAL ) NU_MONTO_CUOTA_SOCIAL,  SUM( NU_MONTO_RETIRO92 ) NU_MONTO_RETIRO92, SUM( NU_MONTO_VIVIENDA97 ) NU_MONTO_VIVIENDA97, SUM( (  SELECT /*+PARALLEL(5)*/NU_VALOR_FACTOR FROM TRAN_TC_FACTOR_CONVERSION WHERE CV_TIPO_FACTOR = ''04''   AND FC_VALOR_FACTOR = PARSEDATETIME(?3,''DD/MM/YYYY'') )*NU_MONTO_VIVIENDA97  ) NU_MONTO_VIVIENDA92  FROM RETI_TR_MOVIMIENTO_IMSS INNER JOIN NSAR_TC_AFORE AF ON CH_AFORE = AF.CV_AFORE  WHERE TRUNC(FC_MOVIMIENTO) BETWEEN PARSEDATETIME(?1,''DD/MM/YYYY'') AND PARSEDATETIME(?2,''DD/MM/YYYY'') AND CV_MOVIMIENTO_IMSS IN (''210'',''292'')  AND CH_DIAGNOSTICO_RCV IN (''501'',''590'') GROUP BY CONCAT(CONCAT(CH_AFORE,'' - ''),AF.CH_DESC_AFORE)  ORDER BY CONCAT(CONCAT(CH_AFORE,'' - ''),AF.CH_DESC_AFORE)  ) MOV  ON TRANS.CV_AFORE = MOV.CV_AF  ORDER BY CV_AFORE ASC','PROCNSARD','CHAFORE,NURET97TRA,NUCVCUOTAESTATRA,NUCUOTASOTRA,NURET92IMSSTRA,NUVIV97TRA,NUPARTVIV97INF,NUMONTORETIRO97,NUMONTOCV,NUMONTOCUOTASOCIAL,NUMONTORETIRO92NUMONTOVIVIENDA97,NUPARTVIV97INFMOV',0,0,0,0,PARSEDATETIME('14/01/20','DD/MM/YY'),'HJRAMIRE',1029,2,null,'');
INSERT INTO PSER_TC_REPORTE_GENERICO (ID_REPORTE_GENERICO,ID_SUBPROCESO,ID_TIPO_REPORTE,CH_NOMBRE_REPORTE,NU_ACTIVO,CH_CONSULTA,CH_ESQUEMA,CH_ENCABEZADO,NU_FILTRO_NSS,NU_FILTRO_CURP,NU_FILTRO_RANGO_FC,NU_FILTRO_ID_PROCESAR,FC_CONTROL,CH_USUARIO_MODIFICADOR,ID_REPORTE_GENERICO_PADRE,NU_ORDEN,CH_NOMBRE_ARCHIVO_REPORTE, CH_URL) VALUES (1030,910,3194,'SUBREPORT_DATA_REPORTE_A',1,'SELECT /*+PARALLEL(5)*/cv_afore AS chAfore, trans.NU_RET97_TRA AS nuRet97Tra, trans.NU_CV_CUOTA_ESTA_TRA AS nuCvCuotaEstaTra, trans.NU_CUOTA_SO_TRA AS nuCuotaSoTra, ''0.00'' AS nuRet92ImssTra, trans.NU_VIV_97_TRA AS nuViv97Tra, trans.NU_PART_VIV97_INF AS nuPartViv97Inf, mov.NU_MONTO_RETIRO97 AS nuMontoRetiro97, mov.NU_MONTO_CV AS nuMontoCv, mov.NU_MONTO_CUOTA_SOCIAL AS nuMontoCuotaSocial, ''0.00'' AS nuMontoRetiro92, mov.NU_MONTO_VIVIENDA97  AS nuMontoVivienda97, mov.NU_MONTO_VIVIENDA92  AS nuPartViv97InfMov FROM (  SELECT /*+PARALLEL(5)*/(ta.cv_afore || '' - '' || ta.CH_DESC_AFORE) AS cv_afore, SUM( ct.NU_RET97_TRA) NU_RET97_TRA, SUM( ct.NU_CV_CUOTA_ESTA_TRA) NU_CV_CUOTA_ESTA_TRA, SUM( ct.NU_CUOTA_SO_TRA )NU_CUOTA_SO_TRA, SUM( ct.NU_RET92_IMSS_TRA) NU_RET92_IMSS_TRA, SUM( (CASE ct.CV_ESTATUS_VIVIENDA WHEN ''1'' THEN ct.NU_VIV_97_TRA ELSE 0.00 END) ) NU_VIV_97_TRA, SUM( (CASE ct.CV_ESTATUS_VIVIENDA WHEN ''1'' THEN ct.NU_PART_VIV97_INF ELSE 0.00 END) ) NU_PART_VIV97_INF  FROM RETI_TR_CONF_TRANSFERENCIA ct  INNER JOIN NSAR_TC_AFORE ta  ON ct.id_procesar_afore = ta.id_procesar  WHERE TRUNC(FC_LIQUIDACION) BETWEEN PARSEDATETIME(?1,''DD/MM/YYYY'') AND PARSEDATETIME(?2,''DD/MM/YYYY'')  AND CH_DIAGNOSTICO_AFORE IN (''501'',''590'')  AND CV_TIPO_RETIRO  = ''A''  GROUP BY (ta.cv_afore || '' - '' || ta.CH_DESC_AFORE)  ) trans  left join (  SELECT /*+PARALLEL(5)*/CH_AFORE || '' - ''|| af.CH_DESC_AFORE AS cv_af, SUM( NU_MONTO_RETIRO97 ) NU_MONTO_RETIRO97, SUM( NU_MONTO_CV ) NU_MONTO_CV, SUM( NU_MONTO_CUOTA_SOCIAL ) NU_MONTO_CUOTA_SOCIAL, SUM( NU_MONTO_RETIRO92 ) NU_MONTO_RETIRO92, SUM( (CASE CH_RESULTADO_VIVIENDA WHEN ''01'' THEN NU_MONTO_VIVIENDA97 ELSE 0.00 END)) NU_MONTO_VIVIENDA97, SUM( (CASE CH_RESULTADO_VIVIENDA WHEN ''01'' THEN ((SELECT /*+PARALLEL(5)*/NU_VALOR_FACTOR FROM TRAN_TC_FACTOR_CONVERSION WHERE CV_TIPO_FACTOR = ''04'' AND FC_VALOR_FACTOR = PARSEDATETIME(?3,''DD/MM/YYYY'') )*NU_MONTO_VIVIENDA97) ELSE 0.00 END) ) NU_MONTO_VIVIENDA92  FROM RETI_TR_MOVIMIENTO_IMSS  INNER JOIN NSAR_TC_AFORE af  ON CH_AFORE = af.CV_AFORE  WHERE TRUNC(FC_MOVIMIENTO) BETWEEN PARSEDATETIME(?1,''DD/MM/YYYY'') AND PARSEDATETIME(?2,''DD/MM/YYYY'')  AND CV_MOVIMIENTO_IMSS IN (''220'',''291'')  AND CH_DIAGNOSTICO_RCV IN (''501'',''590'')  GROUP BY CH_AFORE || '' - ''|| af.CH_DESC_AFORE  ORDER BY CH_AFORE || '' - ''|| af.CH_DESC_AFORE  )mov ON trans.cv_afore = mov.cv_af  ORDER BY cv_afore ASC','PROCNSARD','CHAFORE,NURET97TRA,NUCVCUOTAESTATRA,NUCUOTASOTRA,NURET92IMSSTRA,NUVIV97TRA,NUPARTVIV97INF,NUMONTORETIRO97,NUMONTOCV,NUMONTOCUOTASOCIAL,NUMONTORETIRO92,NUMONTOVIVIENDA97,NUPARTVIV97INFMOV',0,0,0,0,PARSEDATETIME('14/01/20','DD/MM/YY'),'HJRAMIRE',1029,1,null,'');
INSERT INTO PSER_TC_REPORTE_GENERICO (ID_REPORTE_GENERICO,ID_SUBPROCESO,ID_TIPO_REPORTE,CH_NOMBRE_REPORTE,NU_ACTIVO,CH_CONSULTA,CH_ESQUEMA,CH_ENCABEZADO,NU_FILTRO_NSS,NU_FILTRO_CURP,NU_FILTRO_RANGO_FC,NU_FILTRO_ID_PROCESAR,FC_CONTROL,CH_USUARIO_MODIFICADOR,ID_REPORTE_GENERICO_PADRE,NU_ORDEN,CH_NOMBRE_ARCHIVO_REPORTE, CH_URL) VALUES (1029,910,1055,'REPORTES DE TRANSFERENCIAS IMSS',1,'SELECT ta.cv_afore || '' - '' || ta.CH_DESC_AFORE AS cv_afore, ct.NU_RET97_TRA NU_RET97_TRA, ct.NU_CV_CUOTA_ESTA_TRA NU_CV_CUOTA_ESTA_TRA, ct.NU_CUOTA_SO_TRA NU_CUOTA_SO_TRA, ct.NU_RET92_IMSS_TRA NU_RET92_IMSS_TRA, ct.NU_VIV_97_TRA NU_VIV_97_TRA, ct.NU_PART_VIV97_INF NU_PART_VIV97_INF FROM RETI_TR_CONF_TRANSFERENCIA ct INNER JOIN NSAR_TC_AFORE ta ON ct.id_procesar_afore= ta.id_procesar WHERE TRUNC(FC_LIQUIDACION) BETWEEN PARSEDATETIME(?1,''DD/MM/YYYY'') AND PARSEDATETIME(?2,''DD/MM/YYYY'') AND CH_DIAGNOSTICO_AFORE IN (''501'',''590'') AND CV_TIPO_RETIRO = ''B''','PROCNSARD','CLAVE DE AFORE,RETIRO 97,CV CUOTA ESTADO,CUOTA SOCIAL,RETIRO 92,VIVIENDA 97,PARTICIPACION VIVIENDA97',0,0,0,0,PARSEDATETIME('14/01/20','DD/MM/YY'),'HJRAMIRE',null,0,'reporteConfirLiquidTransferencias.jasper','');
Insert into PSER_TC_REPORTE_GENERICO (ID_REPORTE_GENERICO,ID_SUBPROCESO,ID_TIPO_REPORTE,CH_NOMBRE_REPORTE,NU_ACTIVO,CH_CONSULTA,CH_ESQUEMA,CH_ENCABEZADO,NU_FILTRO_NSS,NU_FILTRO_CURP,NU_FILTRO_RANGO_FC,NU_FILTRO_ID_PROCESAR,FC_CONTROL,CH_USUARIO_MODIFICADOR,ID_REPORTE_GENERICO_PADRE,NU_ORDEN,CH_NOMBRE_ARCHIVO_REPORTE,CH_URL) values (851,489,1583,'ENVIO DE MENSAJES',1,'SELECT SYSDATE FROM DUAL WHERE 1 = 1','PROCNSARD','COLUMN',0,0,0,0,PARSEDATETIME('05/02/2021','DD/MM/YYYY'),'EMARTINEZ',null,0,null,'http://localhost:7001/pulssar-mensajeriapushweb/envioMensajesLibres/');
Insert into PSER_TC_REPORTE_GENERICO (ID_REPORTE_GENERICO,ID_SUBPROCESO,ID_TIPO_REPORTE,CH_NOMBRE_REPORTE,NU_ACTIVO,CH_CONSULTA,CH_ESQUEMA,CH_ENCABEZADO,NU_FILTRO_NSS,NU_FILTRO_CURP,NU_FILTRO_RANGO_FC,NU_FILTRO_ID_PROCESAR,FC_CONTROL,CH_USUARIO_MODIFICADOR,ID_REPORTE_GENERICO_PADRE,NU_ORDEN,CH_NOMBRE_ARCHIVO_REPORTE,CH_URL) values (852,489,1583,'CONSULTA SOLICITUD (FOLIO)',1,'SELECT SYSDATE FROM DUAL WHERE 1 = 1','PROCNSARD','COLUMN',0,0,0,0,PARSEDATETIME('05/02/2021','DD/MM/YYYY'),'EMARTINEZ',null,0,null,'http://localhost:7001/pulssar-mensajeriapushweb/folioSolicitud/buscarFolioUnico');
Insert into PSER_TC_REPORTE_GENERICO (ID_REPORTE_GENERICO,ID_SUBPROCESO,ID_TIPO_REPORTE,CH_NOMBRE_REPORTE,NU_ACTIVO,CH_CONSULTA,CH_ESQUEMA,CH_ENCABEZADO,NU_FILTRO_NSS,NU_FILTRO_CURP,NU_FILTRO_RANGO_FC,NU_FILTRO_ID_PROCESAR,FC_CONTROL,CH_USUARIO_MODIFICADOR,ID_REPORTE_GENERICO_PADRE,NU_ORDEN,CH_NOMBRE_ARCHIVO_REPORTE,CH_URL) values (853,489,1583,'SEGUIMIENTO DE MENSAJE',1,'SELECT SYSDATE FROM DUAL WHERE 1 = 1','PROCNSARD','COLUMN',0,0,0,0,PARSEDATETIME('05/02/2021','DD/MM/YYYY'),'EMARTINEZ',null,0,null,'http://localhost:7001/pulssar-mensajeriapushweb/seguimientoMensajesLibres/');


-- CATALOGO DE TIPOS DE REPORTE
Insert into PSER_TC_TIPO_REPORTE (ID_TIPO_REPORTE,CH_DESCRIPCION,NU_ACTIVO,FC_CONTROL,CH_USUARIO_MODIFICADOR) values (500,'CIFRAS',1,PARSEDATETIME('05/07/18','DD/MM/yy'),'OEGONZAL');


Insert into PSER_TR_SOLICITUD_REPORTE (ID_SOLICITUD_REPORTE,CH_NUMERO_SOLICITUD_REPORTE,ID_REPORTE_GENERICO,ID_ESTADO_SOLICITUD,FC_ENVIO,FC_PROCESO,CH_RUTA_ARCHIVO_SOLICITUD,CH_NOMBRE_ARCHIVO_SOLICITUD,CH_RUTA_ARCHIVO_RESPUESTA,CH_NOMBRE_ARCHIVO_RESPUESTA,FC_CONTROL,CH_USUARIO_MODIFICADOR,ID_BITACORA_REPORTE) values (159,'905191223122852',905,5,PARSEDATETIME('23/12/19','DD/MM/YY'),PARSEDATETIME('23/12/19','DD/MM/YY'),'D:\DATOS\AT\MINERVA\FILTROS','listaNSS.txt','D:/DATOS/AT/MINERVA/REPORTES/','REPORTE MASIVO_NSS.csv',PARSEDATETIME('23/12/19','DD/MM/YY'),'MINERVA-MASIVOS',2620);
Insert into PSER_TR_SOLICITUD_REPORTE (ID_SOLICITUD_REPORTE,CH_NUMERO_SOLICITUD_REPORTE,ID_REPORTE_GENERICO,ID_ESTADO_SOLICITUD,FC_ENVIO,FC_PROCESO,CH_RUTA_ARCHIVO_SOLICITUD,CH_NOMBRE_ARCHIVO_SOLICITUD,CH_RUTA_ARCHIVO_RESPUESTA,CH_NOMBRE_ARCHIVO_RESPUESTA,FC_CONTROL,CH_USUARIO_MODIFICADOR,ID_BITACORA_REPORTE) values (158,'873191219170620',873,5,PARSEDATETIME('19/12/19','DD/MM/YY'),PARSEDATETIME('19/12/19','DD/MM/YY'),' ',' ','D:/DATOS/AT/MINERVA/REPORTES/','REPORTE MASIVO.csv',PARSEDATETIME('19/12/19','DD/MM/YY'),'MINERVA-MASIVOS',2591);
Insert into PSER_TR_SOLICITUD_REPORTE (ID_SOLICITUD_REPORTE,CH_NUMERO_SOLICITUD_REPORTE,ID_REPORTE_GENERICO,ID_ESTADO_SOLICITUD,FC_ENVIO,FC_PROCESO,CH_RUTA_ARCHIVO_SOLICITUD,CH_NOMBRE_ARCHIVO_SOLICITUD,CH_RUTA_ARCHIVO_RESPUESTA,CH_NOMBRE_ARCHIVO_RESPUESTA,FC_CONTROL,CH_USUARIO_MODIFICADOR,ID_BITACORA_REPORTE) values (157,'938191219105307',938,5,PARSEDATETIME('19/12/19','DD/MM/YY'),PARSEDATETIME('19/12/19','DD/MM/YY'),' ',' ','D:/DATOS/AT/MINERVA/REPORTES/','QUERY 4.csv',PARSEDATETIME('19/12/19','DD/MM/YY'),'MINERVA-MASIVOS',2590);
Insert into PSER_TR_SOLICITUD_REPORTE (ID_SOLICITUD_REPORTE,CH_NUMERO_SOLICITUD_REPORTE,ID_REPORTE_GENERICO,ID_ESTADO_SOLICITUD,FC_ENVIO,FC_PROCESO,CH_RUTA_ARCHIVO_SOLICITUD,CH_NOMBRE_ARCHIVO_SOLICITUD,CH_RUTA_ARCHIVO_RESPUESTA,CH_NOMBRE_ARCHIVO_RESPUESTA,FC_CONTROL,CH_USUARIO_MODIFICADOR,ID_BITACORA_REPORTE) values (156,'938191218110532',938,5,PARSEDATETIME('18/12/19','DD/MM/YY'),PARSEDATETIME('18/12/19','DD/MM/YY'),' ',' ','D:/DATOS/AT/MINERVA/REPORTES/','QUERY 4.csv',PARSEDATETIME('18/12/19','DD/MM/YY'),'MINERVA-MASIVOS',2562);
Insert into PSER_TR_SOLICITUD_REPORTE (ID_SOLICITUD_REPORTE,CH_NUMERO_SOLICITUD_REPORTE,ID_REPORTE_GENERICO,ID_ESTADO_SOLICITUD,FC_ENVIO,FC_PROCESO,CH_RUTA_ARCHIVO_SOLICITUD,CH_NOMBRE_ARCHIVO_SOLICITUD,CH_RUTA_ARCHIVO_RESPUESTA,CH_NOMBRE_ARCHIVO_RESPUESTA,FC_CONTROL,CH_USUARIO_MODIFICADOR,ID_BITACORA_REPORTE) values (155,'936191216210410',936,5,PARSEDATETIME('16/12/19','DD/MM/YY'),PARSEDATETIME('16/12/19','DD/MM/YY'),' ',' ','D:/DATOS/AT/MINERVA/REPORTES/','QUERY 2.csv',PARSEDATETIME('16/12/19','DD/MM/YY'),'MINERVA-MASIVOS',2561);
Insert into PSER_TR_SOLICITUD_REPORTE (ID_SOLICITUD_REPORTE,CH_NUMERO_SOLICITUD_REPORTE,ID_REPORTE_GENERICO,ID_ESTADO_SOLICITUD,FC_ENVIO,FC_PROCESO,CH_RUTA_ARCHIVO_SOLICITUD,CH_NOMBRE_ARCHIVO_SOLICITUD,CH_RUTA_ARCHIVO_RESPUESTA,CH_NOMBRE_ARCHIVO_RESPUESTA,FC_CONTROL,CH_USUARIO_MODIFICADOR,ID_BITACORA_REPORTE) values (154,'935191216164725',935,5,PARSEDATETIME('16/12/19','DD/MM/YY'),PARSEDATETIME('16/12/19','DD/MM/YY'),' ',' ','D:/DATOS/AT/MINERVA/REPORTES/','QUERY 1.csv',PARSEDATETIME('16/12/19','DD/MM/YY'),'MINERVA-MASIVOS',2560);
Insert into PSER_TR_SOLICITUD_REPORTE (ID_SOLICITUD_REPORTE,CH_NUMERO_SOLICITUD_REPORTE,ID_REPORTE_GENERICO,ID_ESTADO_SOLICITUD,FC_ENVIO,FC_PROCESO,CH_RUTA_ARCHIVO_SOLICITUD,CH_NOMBRE_ARCHIVO_SOLICITUD,CH_RUTA_ARCHIVO_RESPUESTA,CH_NOMBRE_ARCHIVO_RESPUESTA,FC_CONTROL,CH_USUARIO_MODIFICADOR,ID_BITACORA_REPORTE) values (180,'905200128185258',905,5,PARSEDATETIME('28/01/20','DD/MM/YY'),PARSEDATETIME('28/01/20','DD/MM/YY'),'D:\DATOS\AT\MINERVA\FILTROS','listaNSS.txt','D:/DATOS/AT/MINERVA/REPORTES/','REPORTE MASIVO_NSS.csv',PARSEDATETIME('28/01/20','DD/MM/YY'),'MINERVA-MASIVOS',2879);
Insert into PSER_TR_SOLICITUD_REPORTE (ID_SOLICITUD_REPORTE,CH_NUMERO_SOLICITUD_REPORTE,ID_REPORTE_GENERICO,ID_ESTADO_SOLICITUD,FC_ENVIO,FC_PROCESO,CH_RUTA_ARCHIVO_SOLICITUD,CH_NOMBRE_ARCHIVO_SOLICITUD,CH_RUTA_ARCHIVO_RESPUESTA,CH_NOMBRE_ARCHIVO_RESPUESTA,FC_CONTROL,CH_USUARIO_MODIFICADOR,ID_BITACORA_REPORTE) values (181,'905200128185259',873,5,PARSEDATETIME('28/01/20','DD/MM/YY'),PARSEDATETIME('28/01/20','DD/MM/YY'),'D:\DATOS\AT\MINERVA\FILTROS','listaNSS.txt','D:/DATOS/AT/MINERVA/REPORTES/','REPORTE MASIVO_NSS.csv',PARSEDATETIME('28/01/20','DD/MM/YY'),'MINERVA-MASIVOS',2879);

Insert into PSER_TC_PROCESO_NEGOCIO (ID_PROCESO_NEGOCIO,ID_MODULO_REPORTE,CH_NOMBRE_PROCESO,NU_ACTIVO,FC_CONTROL,CH_USUARIO_MODIFICADOR) values (581,1,'RECAUDACION ISSSTE',1,PARSEDATETIME('21/08/18','DD/MM/YY'),'GOB_MODELADO');
Insert into PSER_TC_PROCESO_NEGOCIO (ID_PROCESO_NEGOCIO,ID_MODULO_REPORTE,CH_NOMBRE_PROCESO,NU_ACTIVO,FC_CONTROL,CH_USUARIO_MODIFICADOR) values (582,1,'RECAUDACION IMSS',1,PARSEDATETIME('21/08/18','DD/MM/YY'),'GOB_MODELADO');
Insert into PSER_TC_PROCESO_NEGOCIO (ID_PROCESO_NEGOCIO,ID_MODULO_REPORTE,CH_NOMBRE_PROCESO,NU_ACTIVO,FC_CONTROL,CH_USUARIO_MODIFICADOR) values (583,1,'DOMICILIACION',1,PARSEDATETIME('21/08/18','DD/MM/YY'),'GOB_MODELADO');
Insert into PSER_TC_PROCESO_NEGOCIO (ID_PROCESO_NEGOCIO,ID_MODULO_REPORTE,CH_NOMBRE_PROCESO,NU_ACTIVO,FC_CONTROL,CH_USUARIO_MODIFICADOR) values (584,1,'REDES COMERCIALES',1,PARSEDATETIME('21/08/18','DD/MM/YY'),'GOB_MODELADO');
Insert into PSER_TC_PROCESO_NEGOCIO (ID_PROCESO_NEGOCIO,ID_MODULO_REPORTE,CH_NOMBRE_PROCESO,NU_ACTIVO,FC_CONTROL,CH_USUARIO_MODIFICADOR) values (585,1,'SIRI',1,PARSEDATETIME('21/08/18','DD/MM/YY'),'GOB_MODELADO');
Insert into PSER_TC_PROCESO_NEGOCIO (ID_PROCESO_NEGOCIO,ID_MODULO_REPORTE,CH_NOMBRE_PROCESO,NU_ACTIVO,FC_CONTROL,CH_USUARIO_MODIFICADOR) values (715,5,'CIFRAS CONTROL ANEXO 45',1,PARSEDATETIME('13/08/19','DD/MM/YY'),'ALLOPEZ');
Insert into PSER_TC_PROCESO_NEGOCIO (ID_PROCESO_NEGOCIO,ID_MODULO_REPORTE,CH_NOMBRE_PROCESO,NU_ACTIVO,FC_CONTROL,CH_USUARIO_MODIFICADOR) values (716,5,'CIFRAS CONTROL ANEXO 46',1,PARSEDATETIME('13/08/19','DD/MM/YY'),'ALLOPEZ');
Insert into PSER_TC_PROCESO_NEGOCIO (ID_PROCESO_NEGOCIO,ID_MODULO_REPORTE,CH_NOMBRE_PROCESO,NU_ACTIVO,FC_CONTROL,CH_USUARIO_MODIFICADOR) values (717,5,'CIFRAS CONTROL ANEXO 130',1,PARSEDATETIME('13/08/19','DD/MM/YY'),'ALLOPEZ');
Insert into PSER_TC_PROCESO_NEGOCIO (ID_PROCESO_NEGOCIO,ID_MODULO_REPORTE,CH_NOMBRE_PROCESO,NU_ACTIVO,FC_CONTROL,CH_USUARIO_MODIFICADOR) values (718,5,'CIFRAS CONTROL ANEXO 41',1,PARSEDATETIME('13/08/19','DD/MM/YY'),'ALLOPEZ');
Insert into PSER_TC_PROCESO_NEGOCIO (ID_PROCESO_NEGOCIO,ID_MODULO_REPORTE,CH_NOMBRE_PROCESO,NU_ACTIVO,FC_CONTROL,CH_USUARIO_MODIFICADOR) values (719,5,'CIFRAS CONTROL ANEXO 90',1,PARSEDATETIME('13/08/19','DD/MM/YY'),'ALLOPEZ');
Insert into PSER_TC_PROCESO_NEGOCIO (ID_PROCESO_NEGOCIO,ID_MODULO_REPORTE,CH_NOMBRE_PROCESO,NU_ACTIVO,FC_CONTROL,CH_USUARIO_MODIFICADOR) values (720,5,'CIFRAS CONTROL ANEXO 102',1,PARSEDATETIME('13/08/19','DD/MM/YY'),'ALLOPEZ');
Insert into PSER_TC_PROCESO_NEGOCIO (ID_PROCESO_NEGOCIO,ID_MODULO_REPORTE,CH_NOMBRE_PROCESO,NU_ACTIVO,FC_CONTROL,CH_USUARIO_MODIFICADOR) values (151,2,'REGISTRO',1,PARSEDATETIME('05/02/2021 05:25:56','DD/MM/YYYY'),'EMARTINEZ');



Insert into PSER_TC_SUBPROCESO (ID_SUBPROCESO,ID_PROCESO_NEGOCIO,CH_NOMBRE_SUBPROCESO,NU_ACTIVO,FC_CONTROL,CH_USUARIO_MODIFICADOR) values (1436,716,'DETALLE 01 RETIROS PARCIALES POR MATRIMONIO LIQUIDADOS',1,PARSEDATETIME('13/08/19','DD/MM/YY'),'ALLOPEZ');
Insert into PSER_TC_SUBPROCESO (ID_SUBPROCESO,ID_PROCESO_NEGOCIO,CH_NOMBRE_SUBPROCESO,NU_ACTIVO,FC_CONTROL,CH_USUARIO_MODIFICADOR) values (1437,716,'DETALLE 02',1,PARSEDATETIME('13/08/19','DD/MM/YY'),'ALLOPEZ');
Insert into PSER_TC_SUBPROCESO (ID_SUBPROCESO,ID_PROCESO_NEGOCIO,CH_NOMBRE_SUBPROCESO,NU_ACTIVO,FC_CONTROL,CH_USUARIO_MODIFICADOR) values (1438,716,'DETALLE 03',1,PARSEDATETIME('13/08/19','DD/MM/YY'),'ALLOPEZ');
Insert into PSER_TC_SUBPROCESO (ID_SUBPROCESO,ID_PROCESO_NEGOCIO,CH_NOMBRE_SUBPROCESO,NU_ACTIVO,FC_CONTROL,CH_USUARIO_MODIFICADOR) values (1439,716,'DETALLE 04',1,PARSEDATETIME('13/08/19','DD/MM/YY'),'ALLOPEZ');
Insert into PSER_TC_SUBPROCESO (ID_SUBPROCESO,ID_PROCESO_NEGOCIO,CH_NOMBRE_SUBPROCESO,NU_ACTIVO,FC_CONTROL,CH_USUARIO_MODIFICADOR) values (1440,716,'DETALLE 05',1,PARSEDATETIME('13/08/19','DD/MM/YY'),'ALLOPEZ');
Insert into PSER_TC_SUBPROCESO (ID_SUBPROCESO,ID_PROCESO_NEGOCIO,CH_NOMBRE_SUBPROCESO,NU_ACTIVO,FC_CONTROL,CH_USUARIO_MODIFICADOR) values (1441,716,'DETALLE 06',1,PARSEDATETIME('13/08/19','DD/MM/YY'),'ALLOPEZ');
Insert into PSER_TC_SUBPROCESO (ID_SUBPROCESO,ID_PROCESO_NEGOCIO,CH_NOMBRE_SUBPROCESO,NU_ACTIVO,FC_CONTROL,CH_USUARIO_MODIFICADOR) values (1442,717,'DATOS DE CONTROL',1,PARSEDATETIME('13/08/19','DD/MM/YY'),'ALLOPEZ');
Insert into PSER_TC_SUBPROCESO (ID_SUBPROCESO,ID_PROCESO_NEGOCIO,CH_NOMBRE_SUBPROCESO,NU_ACTIVO,FC_CONTROL,CH_USUARIO_MODIFICADOR) values (1443,717,'DATOS POR AFORE',1,PARSEDATETIME('13/08/19','DD/MM/YY'),'ALLOPEZ');
Insert into PSER_TC_SUBPROCESO (ID_SUBPROCESO,ID_PROCESO_NEGOCIO,CH_NOMBRE_SUBPROCESO,NU_ACTIVO,FC_CONTROL,CH_USUARIO_MODIFICADOR) values (1447,720,'HOJA: CC 102',1,PARSEDATETIME('13/08/19','DD/MM/YY'),'ALLOPEZ');
Insert into PSER_TC_SUBPROCESO (ID_SUBPROCESO,ID_PROCESO_NEGOCIO,CH_NOMBRE_SUBPROCESO,NU_ACTIVO,FC_CONTROL,CH_USUARIO_MODIFICADOR) values (1448,720,'HOJA: TRABAJADORES POR AFORE',1,PARSEDATETIME('13/08/19','DD/MM/YY'),'ALLOPEZ');
Insert into PSER_TC_SUBPROCESO (ID_SUBPROCESO,ID_PROCESO_NEGOCIO,CH_NOMBRE_SUBPROCESO,NU_ACTIVO,FC_CONTROL,CH_USUARIO_MODIFICADOR) values (489,151,'MENSAJERIA MOVIL LIBRE',1,PARSEDATETIME('05/02/2021','DD/MM/YYYY'),'EMARTINEZ');


--BITACORA DE EJECUCION DE REPORTES
Insert into PSER_TB_BITACORA_REPORTE (ID_BITACORA_REPORTE,ID_REPORTE_GENERICO,CH_USUARIO,FC_EJECUCION,CH_PARAMETRO,NU_EXPORT_REPORTE,FC_CONTROL,CH_USUARIO_MODIFICADOR,CH_IP_ORIGEN) values (295,188,'hjramire',PARSEDATETIME('22/06/18','DD/MM/yy'),' | fcInicial-''04/01/2010'' | idProcesar- | fcFinal-''22/06/2018'' | nss- | curp-',0,PARSEDATETIME('22/06/18','DD/MM/yy'),'SISTEMA_MINERVA','192.168.9.246');
Insert into PSER_TB_BITACORA_REPORTE (ID_BITACORA_REPORTE,ID_REPORTE_GENERICO,CH_USUARIO,FC_EJECUCION,CH_PARAMETRO,NU_EXPORT_REPORTE,FC_CONTROL,CH_USUARIO_MODIFICADOR,CH_IP_ORIGEN) values (296,188,'hjramire',PARSEDATETIME('22/06/18','DD/MM/yy'),' | fcInicial-''04/01/2010'' | idProcesar- | fcFinal-''22/06/2018'' | nss- | curp-',0,PARSEDATETIME('22/06/18','DD/MM/yy'),'SISTEMA_MINERVA','192.168.9.246');
Insert into PSER_TB_BITACORA_REPORTE (ID_BITACORA_REPORTE,ID_REPORTE_GENERICO,CH_USUARIO,FC_EJECUCION,CH_PARAMETRO,NU_EXPORT_REPORTE,FC_CONTROL,CH_USUARIO_MODIFICADOR,CH_IP_ORIGEN) values (182,165,'hjramire',PARSEDATETIME('19/06/18','DD/MM/yy'),' | fcInicial-''19/06/2018'' | idProcesar- | fcFinal-''19/06/2018'' | nss- | curp-EOPG580218MSRSRD06,OOGM710311MQRSMR06,QUEM611210MCHNSG01,',1,PARSEDATETIME('19/06/18','DD/MM/yy'),'SISTEMA_MINERVA','192.168.9.246');
Insert into PSER_TB_BITACORA_REPORTE (ID_BITACORA_REPORTE,ID_REPORTE_GENERICO,CH_USUARIO,FC_EJECUCION,CH_PARAMETRO,NU_EXPORT_REPORTE,FC_CONTROL,CH_USUARIO_MODIFICADOR,CH_IP_ORIGEN) values (151,123,'hjramire',PARSEDATETIME('19/06/18','DD/MM/yy'),' | fcInicial-''01/01/2013'' | idProcesar- | fcFinal-''19/06/2018'' | nss- | curp-',1,PARSEDATETIME('19/06/18','DD/MM/yy'),'SISTEMA_MINERVA','192.168.9.246');
Insert into PSER_TB_BITACORA_REPORTE (ID_BITACORA_REPORTE,ID_REPORTE_GENERICO,CH_USUARIO,FC_EJECUCION,CH_PARAMETRO,NU_EXPORT_REPORTE,FC_CONTROL,CH_USUARIO_MODIFICADOR,CH_IP_ORIGEN) values (218,154,'hjramire',PARSEDATETIME('21/06/18','DD/MM/yy'),' | fcInicial-''01/01/2013'' | idProcesar- | fcFinal-''21/06/2018'' | nss- | curp-',0,PARSEDATETIME('21/06/18','DD/MM/yy'),'SISTEMA_MINERVA','192.168.9.246');
Insert into PSER_TB_BITACORA_REPORTE (ID_BITACORA_REPORTE,ID_REPORTE_GENERICO,CH_USUARIO,FC_EJECUCION,CH_PARAMETRO,NU_EXPORT_REPORTE,FC_CONTROL,CH_USUARIO_MODIFICADOR,CH_IP_ORIGEN) values (224,110,'hjramire',PARSEDATETIME('21/06/18','DD/MM/yy'),' | fcInicial-''01/01/2015'' | idProcesar- | fcFinal-''21/06/2018'' | nss- | curp-',0,PARSEDATETIME('21/06/18','DD/MM/yy'),'SISTEMA_MINERVA','192.168.9.246');
Insert into PSER_TB_BITACORA_REPORTE (ID_BITACORA_REPORTE,ID_REPORTE_GENERICO,CH_USUARIO,FC_EJECUCION,CH_PARAMETRO,NU_EXPORT_REPORTE,FC_CONTROL,CH_USUARIO_MODIFICADOR,CH_IP_ORIGEN) values (226,110,'hjramire',PARSEDATETIME('21/06/18','DD/MM/yy'),' | fcInicial-''01/01/2013'' | idProcesar- | fcFinal-''21/06/2018'' | nss- | curp-',0,PARSEDATETIME('21/06/18','DD/MM/yy'),'SISTEMA_MINERVA','192.168.9.246');
Insert into PSER_TB_BITACORA_REPORTE (ID_BITACORA_REPORTE,ID_REPORTE_GENERICO,CH_USUARIO,FC_EJECUCION,CH_PARAMETRO,NU_EXPORT_REPORTE,FC_CONTROL,CH_USUARIO_MODIFICADOR,CH_IP_ORIGEN) values (227,111,'hjramire',PARSEDATETIME('21/06/18','DD/MM/yy'),' | fcInicial-''01/01/2013'' | idProcesar- | fcFinal-''21/06/2018'' | nss- | curp-',0,PARSEDATETIME('21/06/18','DD/MM/yy'),'SISTEMA_MINERVA','192.168.9.246');
Insert into PSER_TB_BITACORA_REPORTE (ID_BITACORA_REPORTE,ID_REPORTE_GENERICO,CH_USUARIO,FC_EJECUCION,CH_PARAMETRO,NU_EXPORT_REPORTE,FC_CONTROL,CH_USUARIO_MODIFICADOR,CH_IP_ORIGEN) values (228,112,'hjramire',PARSEDATETIME('21/06/18','DD/MM/yy'),' | fcInicial-''01/01/2013'' | idProcesar- | fcFinal-''21/06/2018'' | nss- | curp-',0,PARSEDATETIME('21/06/18','DD/MM/yy'),'SISTEMA_MINERVA','192.168.9.246');
Insert into PSER_TB_BITACORA_REPORTE (ID_BITACORA_REPORTE,ID_REPORTE_GENERICO,CH_USUARIO,FC_EJECUCION,CH_PARAMETRO,NU_EXPORT_REPORTE,FC_CONTROL,CH_USUARIO_MODIFICADOR,CH_IP_ORIGEN) values (229,113,'hjramire',PARSEDATETIME('21/06/18','DD/MM/yy'),' | fcInicial-''01/01/2013'' | idProcesar- | fcFinal-''21/06/2018'' | nss- | curp-',0,PARSEDATETIME('21/06/18','DD/MM/yy'),'SISTEMA_MINERVA','192.168.9.246');
Insert into PSER_TB_BITACORA_REPORTE (ID_BITACORA_REPORTE,ID_REPORTE_GENERICO,CH_USUARIO,FC_EJECUCION,CH_PARAMETRO,NU_EXPORT_REPORTE,FC_CONTROL,CH_USUARIO_MODIFICADOR,CH_IP_ORIGEN) values (2500,905,'hjramire',PARSEDATETIME('01/01/2020','DD/MM/YYYY'),' | [fcInicial-  ]  | [fcFinal-  ]  | [nss- listaNSS.txt] ',0,PARSEDATETIME('03/12/19','DD/MM/YY'),'SISTEMA_MINERVA','192.168.9.246');
Insert into PSER_TB_BITACORA_REPORTE (ID_BITACORA_REPORTE,ID_REPORTE_GENERICO,CH_USUARIO,FC_EJECUCION,CH_PARAMETRO,NU_EXPORT_REPORTE,FC_CONTROL,CH_USUARIO_MODIFICADOR,CH_IP_ORIGEN) values (2503,905,'hjramire',PARSEDATETIME('01/01/2020','DD/MM/YYYY'),' | [fcInicial-  ]  | [fcFinal-  ] ',0,PARSEDATETIME('05/12/19','DD/MM/YY'),'SISTEMA_MINERVA','192.168.9.246');
Insert into PSER_TB_BITACORA_REPORTE (ID_BITACORA_REPORTE,ID_REPORTE_GENERICO,CH_USUARIO,FC_EJECUCION,CH_PARAMETRO,NU_EXPORT_REPORTE,FC_CONTROL,CH_USUARIO_MODIFICADOR,CH_IP_ORIGEN) values (2504,905,'hjramire',PARSEDATETIME('01/01/2020','DD/MM/YYYY'),' | [fcInicial-  ]  | [fcFinal-  ] ',0,PARSEDATETIME('05/12/19','DD/MM/YY'),'SISTEMA_MINERVA','192.168.9.246');
Insert into PSER_TB_BITACORA_REPORTE (ID_BITACORA_REPORTE,ID_REPORTE_GENERICO,CH_USUARIO,FC_EJECUCION,CH_PARAMETRO,NU_EXPORT_REPORTE,FC_CONTROL,CH_USUARIO_MODIFICADOR,CH_IP_ORIGEN) values (2508,933,'hjramire',PARSEDATETIME('01/01/2020','DD/MM/YYYY'),' | [fcInicial- ''05/12/2019'']  | [fcFinal- ''06/12/2019''] ',0,PARSEDATETIME('06/12/19','DD/MM/YY'),'SISTEMA_MINERVA','192.168.9.246');
Insert into PSER_TB_BITACORA_REPORTE (ID_BITACORA_REPORTE,ID_REPORTE_GENERICO,CH_USUARIO,FC_EJECUCION,CH_PARAMETRO,NU_EXPORT_REPORTE,FC_CONTROL,CH_USUARIO_MODIFICADOR,CH_IP_ORIGEN) values (2530,933,'hjramire',PARSEDATETIME('01/01/2020','DD/MM/YYYY'),' | [fcInicial- ''09/12/2019'']  | [fcFinal- ''10/12/2019''] ',0,PARSEDATETIME('10/12/19','DD/MM/YY'),'SISTEMA_MINERVA','192.168.9.246');
Insert into PSER_TB_BITACORA_REPORTE (ID_BITACORA_REPORTE,ID_REPORTE_GENERICO,CH_USUARIO,FC_EJECUCION,CH_PARAMETRO,NU_EXPORT_REPORTE,FC_CONTROL,CH_USUARIO_MODIFICADOR,CH_IP_ORIGEN) values (2548,933,'hjramire',PARSEDATETIME('01/01/2020','DD/MM/YYYY'),' | [fcInicial- ''09/12/2019'']  | [fcFinal- ''10/12/2019''] ',0,PARSEDATETIME('11/12/19','DD/MM/YY'),'SISTEMA_MINERVA','192.168.9.246');
Insert into PSER_TB_BITACORA_REPORTE (ID_BITACORA_REPORTE,ID_REPORTE_GENERICO,CH_USUARIO,FC_EJECUCION,CH_PARAMETRO,NU_EXPORT_REPORTE,FC_CONTROL,CH_USUARIO_MODIFICADOR,CH_IP_ORIGEN) values (2562,938,'hjramire',PARSEDATETIME('01/01/2020','DD/MM/YYYY'),' | [fcInicial-  ''01/01/1997'']  | [fcFinal-  ''18/12/2019''] ',1,PARSEDATETIME('18/12/19','DD/MM/YY'),'SISTEMA_MINERVA','192.168.9.246');
Insert into PSER_TB_BITACORA_REPORTE (ID_BITACORA_REPORTE,ID_REPORTE_GENERICO,CH_USUARIO,FC_EJECUCION,CH_PARAMETRO,NU_EXPORT_REPORTE,FC_CONTROL,CH_USUARIO_MODIFICADOR,CH_IP_ORIGEN) values (2590,938,'hjramire',PARSEDATETIME('01/01/2020','DD/MM/YYYY'),' | [fcInicial-  ''01/01/1997'']  | [fcFinal-  ''19/12/2019''] ',0,PARSEDATETIME('19/12/19','DD/MM/YY'),'SISTEMA_MINERVA','192.168.9.246');
Insert into PSER_TB_BITACORA_REPORTE (ID_BITACORA_REPORTE,ID_REPORTE_GENERICO,CH_USUARIO,FC_EJECUCION,CH_PARAMETRO,NU_EXPORT_REPORTE,FC_CONTROL,CH_USUARIO_MODIFICADOR,CH_IP_ORIGEN) values (2591,873,'hjramire',PARSEDATETIME('01/01/2020','DD/MM/YYYY'),' | [fcInicial-  ''17/12/2019'']  | [fcFinal-  ''17/12/2019''] ',0,PARSEDATETIME('19/12/19','DD/MM/YY'),'SISTEMA_MINERVA','192.168.9.246');
Insert into PSER_TB_BITACORA_REPORTE (ID_BITACORA_REPORTE,ID_REPORTE_GENERICO,CH_USUARIO,FC_EJECUCION,CH_PARAMETRO,NU_EXPORT_REPORTE,FC_CONTROL,CH_USUARIO_MODIFICADOR,CH_IP_ORIGEN) values (2501,935,'hjramire',PARSEDATETIME('01/01/2020','DD/MM/YYYY'),' | [fcInicial- ''01/01/1997'']  | [fcFinal- ''05/12/2019''] ',0,PARSEDATETIME('05/12/19','DD/MM/YY'),'SISTEMA_MINERVA','192.168.9.246');
Insert into PSER_TB_BITACORA_REPORTE (ID_BITACORA_REPORTE,ID_REPORTE_GENERICO,CH_USUARIO,FC_EJECUCION,CH_PARAMETRO,NU_EXPORT_REPORTE,FC_CONTROL,CH_USUARIO_MODIFICADOR,CH_IP_ORIGEN) values (2509,933,'hjramire',PARSEDATETIME('01/01/2020','DD/MM/YYYY'),' | [fcInicial- ''05/12/2019'']  | [fcFinal- ''06/12/2019''] ',0,PARSEDATETIME('06/12/19','DD/MM/YY'),'SISTEMA_MINERVA','192.168.9.246');
Insert into PSER_TB_BITACORA_REPORTE (ID_BITACORA_REPORTE,ID_REPORTE_GENERICO,CH_USUARIO,FC_EJECUCION,CH_PARAMETRO,NU_EXPORT_REPORTE,FC_CONTROL,CH_USUARIO_MODIFICADOR,CH_IP_ORIGEN) values (2561,936,'hjramire',PARSEDATETIME('02/01/2020','DD/MM/YYYY'),' | [fcInicial- ''01/01/1997'']  | [fcFinal- ''16/12/2019''] ',1,PARSEDATETIME('16/12/19','DD/MM/YY'),'SISTEMA_MINERVA','192.168.9.246');
Insert into PSER_TB_BITACORA_REPORTE (ID_BITACORA_REPORTE,ID_REPORTE_GENERICO,CH_USUARIO,FC_EJECUCION,CH_PARAMETRO,NU_EXPORT_REPORTE,FC_CONTROL,CH_USUARIO_MODIFICADOR,CH_IP_ORIGEN) values (2538,933,'hjramire',PARSEDATETIME('02/01/2020','DD/MM/YYYY'),' | [fcInicial- ''03/12/2019'']  | [fcFinal- ''04/12/2019''] ',0,PARSEDATETIME('10/12/19','DD/MM/YY'),'SISTEMA_MINERVA','192.168.9.246');
Insert into PSER_TB_BITACORA_REPORTE (ID_BITACORA_REPORTE,ID_REPORTE_GENERICO,CH_USUARIO,FC_EJECUCION,CH_PARAMETRO,NU_EXPORT_REPORTE,FC_CONTROL,CH_USUARIO_MODIFICADOR,CH_IP_ORIGEN) values (2502,905,'hjramire',PARSEDATETIME('02/01/2020','DD/MM/YYYY'),' | [fcInicial-  ]  | [fcFinal-  ] ',0,PARSEDATETIME('05/12/19','DD/MM/YY'),'SISTEMA_MINERVA','192.168.9.246');
Insert into PSER_TB_BITACORA_REPORTE (ID_BITACORA_REPORTE,ID_REPORTE_GENERICO,CH_USUARIO,FC_EJECUCION,CH_PARAMETRO,NU_EXPORT_REPORTE,FC_CONTROL,CH_USUARIO_MODIFICADOR,CH_IP_ORIGEN) values (2531,933,'hjramire',PARSEDATETIME('02/01/2020','DD/MM/YYYY'),' | [fcInicial- ''03/12/2019'']  | [fcFinal- ''04/12/2019''] ',0,PARSEDATETIME('10/12/19','DD/MM/YY'),'SISTEMA_MINERVA','192.168.9.246');
Insert into PSER_TB_BITACORA_REPORTE (ID_BITACORA_REPORTE,ID_REPORTE_GENERICO,CH_USUARIO,FC_EJECUCION,CH_PARAMETRO,NU_EXPORT_REPORTE,FC_CONTROL,CH_USUARIO_MODIFICADOR,CH_IP_ORIGEN) values (2539,906,'hjramire',PARSEDATETIME('02/01/2020','DD/MM/YYYY'),' | [fcInicial-  ]  | [fcFinal-  ]  | [curp- listaCURP.txt] ',0,PARSEDATETIME('10/12/19','DD/MM/YY'),'SISTEMA_MINERVA','192.168.9.246');
Insert into PSER_TB_BITACORA_REPORTE (ID_BITACORA_REPORTE,ID_REPORTE_GENERICO,CH_USUARIO,FC_EJECUCION,CH_PARAMETRO,NU_EXPORT_REPORTE,FC_CONTROL,CH_USUARIO_MODIFICADOR,CH_IP_ORIGEN) values (2540,933,'hjramire',PARSEDATETIME('02/01/2020','DD/MM/YYYY'),' | [fcInicial- ''03/12/2019'']  | [fcFinal- ''04/12/2019''] ',0,PARSEDATETIME('10/12/19','DD/MM/YY'),'SISTEMA_MINERVA','192.168.9.246');
Insert into PSER_TB_BITACORA_REPORTE (ID_BITACORA_REPORTE,ID_REPORTE_GENERICO,CH_USUARIO,FC_EJECUCION,CH_PARAMETRO,NU_EXPORT_REPORTE,FC_CONTROL,CH_USUARIO_MODIFICADOR,CH_IP_ORIGEN) values (2550,802,'hjramire',PARSEDATETIME('02/01/2020','DD/MM/YYYY'),' | [fcInicial- ''09/12/2019'']  | [idProcesar- N/A]  | [fcFinal- ''11/12/2019'']  | [nss- N/A]  | [curp- N/A] ',0,PARSEDATETIME('11/12/19','DD/MM/YY'),'SISTEMA_MINERVA','192.168.9.246');
Insert into PSER_TB_BITACORA_REPORTE (ID_BITACORA_REPORTE,ID_REPORTE_GENERICO,CH_USUARIO,FC_EJECUCION,CH_PARAMETRO,NU_EXPORT_REPORTE,FC_CONTROL,CH_USUARIO_MODIFICADOR,CH_IP_ORIGEN) values (2506,933,'hjramire',PARSEDATETIME('02/01/2020','DD/MM/YYYY'),' | [fcInicial- ''04/12/2019'']  | [fcFinal- ''05/12/2019''] ',0,PARSEDATETIME('05/12/19','DD/MM/YY'),'SISTEMA_MINERVA','192.168.9.246');
Insert into PSER_TB_BITACORA_REPORTE (ID_BITACORA_REPORTE,ID_REPORTE_GENERICO,CH_USUARIO,FC_EJECUCION,CH_PARAMETRO,NU_EXPORT_REPORTE,FC_CONTROL,CH_USUARIO_MODIFICADOR,CH_IP_ORIGEN) values (2507,933,'hjramire',PARSEDATETIME('02/01/2020','DD/MM/YYYY'),' | [fcInicial- ''04/12/2019'']  | [fcFinal- ''05/12/2019''] ',1,PARSEDATETIME('06/12/19','DD/MM/YY'),'SISTEMA_MINERVA','192.168.9.246');
Insert into PSER_TB_BITACORA_REPORTE (ID_BITACORA_REPORTE,ID_REPORTE_GENERICO,CH_USUARIO,FC_EJECUCION,CH_PARAMETRO,NU_EXPORT_REPORTE,FC_CONTROL,CH_USUARIO_MODIFICADOR,CH_IP_ORIGEN) values (2510,933,'hjramire',PARSEDATETIME('02/01/2020','DD/MM/YYYY'),' | [fcInicial- ''03/12/2019'']  | [fcFinal- ''04/12/2019''] ',0,PARSEDATETIME('06/12/19','DD/MM/YY'),'SISTEMA_MINERVA','192.168.9.246');
Insert into PSER_TB_BITACORA_REPORTE (ID_BITACORA_REPORTE,ID_REPORTE_GENERICO,CH_USUARIO,FC_EJECUCION,CH_PARAMETRO,NU_EXPORT_REPORTE,FC_CONTROL,CH_USUARIO_MODIFICADOR,CH_IP_ORIGEN) values (2532,933,'hjramire',PARSEDATETIME('02/01/2020','DD/MM/YYYY'),' | [fcInicial- ''03/12/2019'']  | [fcFinal- ''05/12/2019''] ',0,PARSEDATETIME('10/12/19','DD/MM/YY'),'SISTEMA_MINERVA','192.168.9.246');
Insert into PSER_TB_BITACORA_REPORTE (ID_BITACORA_REPORTE,ID_REPORTE_GENERICO,CH_USUARIO,FC_EJECUCION,CH_PARAMETRO,NU_EXPORT_REPORTE,FC_CONTROL,CH_USUARIO_MODIFICADOR,CH_IP_ORIGEN) values (2537,933,'hjramire',PARSEDATETIME('02/01/2020','DD/MM/YYYY'),' | [fcInicial- ''09/12/2019'']  | [fcFinal- ''10/12/2019''] ',0,PARSEDATETIME('10/12/19','DD/MM/YY'),'SISTEMA_MINERVA','192.168.9.246');
Insert into PSER_TB_BITACORA_REPORTE (ID_BITACORA_REPORTE,ID_REPORTE_GENERICO,CH_USUARIO,FC_EJECUCION,CH_PARAMETRO,NU_EXPORT_REPORTE,FC_CONTROL,CH_USUARIO_MODIFICADOR,CH_IP_ORIGEN) values (2542,905,'hjramire',PARSEDATETIME('02/01/2020','DD/MM/YYYY'),' | [fcInicial-  ]  | [fcFinal-  ] ',0,PARSEDATETIME('10/12/19','DD/MM/YY'),'SISTEMA_MINERVA','192.168.9.246');
Insert into PSER_TB_BITACORA_REPORTE (ID_BITACORA_REPORTE,ID_REPORTE_GENERICO,CH_USUARIO,FC_EJECUCION,CH_PARAMETRO,NU_EXPORT_REPORTE,FC_CONTROL,CH_USUARIO_MODIFICADOR,CH_IP_ORIGEN) values (2543,905,'hjramire',PARSEDATETIME('02/01/2020','DD/MM/YYYY'),' | [fcInicial-  ]  | [fcFinal-  ]  | [nss- listaNSS_10mil.txt] ',0,PARSEDATETIME('10/12/19','DD/MM/YY'),'SISTEMA_MINERVA','192.168.9.246');
Insert into PSER_TB_BITACORA_REPORTE (ID_BITACORA_REPORTE,ID_REPORTE_GENERICO,CH_USUARIO,FC_EJECUCION,CH_PARAMETRO,NU_EXPORT_REPORTE,FC_CONTROL,CH_USUARIO_MODIFICADOR,CH_IP_ORIGEN) values (2544,933,'hjramire',PARSEDATETIME('02/01/2020','DD/MM/YYYY'),' | [fcInicial- ''04/12/2019'']  | [fcFinal- ''06/12/2019''] ',0,PARSEDATETIME('10/12/19','DD/MM/YY'),'SISTEMA_MINERVA','192.168.9.246');
Insert into PSER_TB_BITACORA_REPORTE (ID_BITACORA_REPORTE,ID_REPORTE_GENERICO,CH_USUARIO,FC_EJECUCION,CH_PARAMETRO,NU_EXPORT_REPORTE,FC_CONTROL,CH_USUARIO_MODIFICADOR,CH_IP_ORIGEN) values (2551,933,'hjramire',PARSEDATETIME('02/01/2020','DD/MM/YYYY'),' | [fcInicial- ''10/12/2019'']  | [fcFinal- ''11/12/2019''] ',0,PARSEDATETIME('11/12/19','DD/MM/YY'),'SISTEMA_MINERVA','192.168.9.246');
Insert into PSER_TB_BITACORA_REPORTE (ID_BITACORA_REPORTE,ID_REPORTE_GENERICO,CH_USUARIO,FC_EJECUCION,CH_PARAMETRO,NU_EXPORT_REPORTE,FC_CONTROL,CH_USUARIO_MODIFICADOR,CH_IP_ORIGEN) values (2552,905,'hjramire',PARSEDATETIME('03/01/2020','DD/MM/YYYY'),' | [fcInicial-  ]  | [fcFinal-  ]  | [nss- listaNSS_50mil.txt] ',0,PARSEDATETIME('11/12/19','DD/MM/YY'),'SISTEMA_MINERVA','192.168.9.246');
Insert into PSER_TB_BITACORA_REPORTE (ID_BITACORA_REPORTE,ID_REPORTE_GENERICO,CH_USUARIO,FC_EJECUCION,CH_PARAMETRO,NU_EXPORT_REPORTE,FC_CONTROL,CH_USUARIO_MODIFICADOR,CH_IP_ORIGEN) values (2553,905,'hjramire',PARSEDATETIME('03/01/2020','DD/MM/YYYY'),' | [fcInicial-  ]  | [fcFinal-  ]  | [nss- listaNSS.txt] ',1,PARSEDATETIME('11/12/19','DD/MM/YY'),'SISTEMA_MINERVA','192.168.9.246');
Insert into PSER_TB_BITACORA_REPORTE (ID_BITACORA_REPORTE,ID_REPORTE_GENERICO,CH_USUARIO,FC_EJECUCION,CH_PARAMETRO,NU_EXPORT_REPORTE,FC_CONTROL,CH_USUARIO_MODIFICADOR,CH_IP_ORIGEN) values (2554,905,'hjramire',PARSEDATETIME('03/01/2020','DD/MM/YYYY'),' | [fcInicial-  ]  | [fcFinal-  ]  | [nss- listaNSS.txt] ',1,PARSEDATETIME('11/12/19','DD/MM/YY'),'SISTEMA_MINERVA','192.168.9.246');
Insert into PSER_TB_BITACORA_REPORTE (ID_BITACORA_REPORTE,ID_REPORTE_GENERICO,CH_USUARIO,FC_EJECUCION,CH_PARAMETRO,NU_EXPORT_REPORTE,FC_CONTROL,CH_USUARIO_MODIFICADOR,CH_IP_ORIGEN) values (2505,905,'hjramire',PARSEDATETIME('03/01/2020','DD/MM/YYYY'),' | [fcInicial-  ]  | [fcFinal-  ]  | [nss- listaNSS_50mil.txt] ',0,PARSEDATETIME('05/12/19','DD/MM/YY'),'SISTEMA_MINERVA','192.168.9.246');
Insert into PSER_TB_BITACORA_REPORTE (ID_BITACORA_REPORTE,ID_REPORTE_GENERICO,CH_USUARIO,FC_EJECUCION,CH_PARAMETRO,NU_EXPORT_REPORTE,FC_CONTROL,CH_USUARIO_MODIFICADOR,CH_IP_ORIGEN) values (2541,905,'hjramire',PARSEDATETIME('03/01/2020','DD/MM/YYYY'),' | [fcInicial-  ]  | [fcFinal-  ] ',0,PARSEDATETIME('10/12/19','DD/MM/YY'),'SISTEMA_MINERVA','192.168.9.246');
Insert into PSER_TB_BITACORA_REPORTE (ID_BITACORA_REPORTE,ID_REPORTE_GENERICO,CH_USUARIO,FC_EJECUCION,CH_PARAMETRO,NU_EXPORT_REPORTE,FC_CONTROL,CH_USUARIO_MODIFICADOR,CH_IP_ORIGEN) values (2545,933,'hjramire',PARSEDATETIME('03/01/2020','DD/MM/YYYY'),' | [fcInicial- ''06/12/2019'']  | [fcFinal- ''09/12/2019''] ',0,PARSEDATETIME('10/12/19','DD/MM/YY'),'SISTEMA_MINERVA','192.168.9.247');
Insert into PSER_TB_BITACORA_REPORTE (ID_BITACORA_REPORTE,ID_REPORTE_GENERICO,CH_USUARIO,FC_EJECUCION,CH_PARAMETRO,NU_EXPORT_REPORTE,FC_CONTROL,CH_USUARIO_MODIFICADOR,CH_IP_ORIGEN) values (2549,935,'hjramire',PARSEDATETIME('03/01/2020','DD/MM/YYYY'),' | [fcInicial- ''01/01/1997'']  | [fcFinal- ''11/12/2019''] ',0,PARSEDATETIME('11/12/19','DD/MM/YY'),'SISTEMA_MINERVA','192.168.9.247');
Insert into PSER_TB_BITACORA_REPORTE (ID_BITACORA_REPORTE,ID_REPORTE_GENERICO,CH_USUARIO,FC_EJECUCION,CH_PARAMETRO,NU_EXPORT_REPORTE,FC_CONTROL,CH_USUARIO_MODIFICADOR,CH_IP_ORIGEN) values (2560,935,'hjramire',PARSEDATETIME('03/01/2020','DD/MM/YYYY'),' | [fcInicial- ''01/01/1997'']  | [fcFinal- ''16/12/2019''] ',1,PARSEDATETIME('16/12/19','DD/MM/YY'),'SISTEMA_MINERVA','192.168.9.247');
Insert into PSER_TB_BITACORA_REPORTE (ID_BITACORA_REPORTE,ID_REPORTE_GENERICO,CH_USUARIO,FC_EJECUCION,CH_PARAMETRO,NU_EXPORT_REPORTE,FC_CONTROL,CH_USUARIO_MODIFICADOR,CH_IP_ORIGEN) values (2620,905,'hjramire',PARSEDATETIME('03/01/2020','DD/MM/YYYY'),' | [fcInicial-  ]  | [fcFinal-  ]  | [nss- listaNSS.txt] ',1,PARSEDATETIME('23/12/19','DD/MM/YY'),'SISTEMA_MINERVA','192.168.9.247');

Insert into PSER_TR_ROL_REPORTE (ID_ROL_REPORTE,CV_ROL_PULSSAR,ID_REPORTE_GENERICO,NU_ACTIVO,FC_CONTROL,CH_USUARIO_MODIFICADOR) values (1760,'04',851,1,PARSEDATETIME('05/02/2021','DD/MM/YYYY'),'EMARTINEZ');
Insert into PSER_TR_ROL_REPORTE (ID_ROL_REPORTE,CV_ROL_PULSSAR,ID_REPORTE_GENERICO,NU_ACTIVO,FC_CONTROL,CH_USUARIO_MODIFICADOR) values (1768,'04',852,1,PARSEDATETIME('05/02/2021','DD/MM/YYYY'),'EMARTINEZ');

